-- This is the original I-130 data seed file, but the IDs have been overridden by the I-129 from Palash. 
-- Let's keep this file for reference when we get ready to add I-130 back to the database.
/*

INSERT INTO "public"."form_template" ("id", "public_id", "name", "created_at", "updated_at", "description", "status") VALUES
(1, 'ff2c07bc-8281-46f6-8ca2-2b8eedf1b76b', 'I-130', '2025-08-13 16:32:35.413446-04', '2025-08-13 16:32:35.413446-04', 'Petition for Alien Relative (USCIS Form I-130). Used to establish the relationship between a U.S. citizen or lawful permanent resident and a relative who wishes to immigrate to the United States.', 'ACTIVE');
INSERT INTO "public"."form_template_section" ("id", "public_id", "name", "created_at", "updated_at", "description", "page_number", "form_template_id", "sequence") VALUES
(1, '35a1bd9f-600c-4e73-87d0-04e0eced988e', 'Petitioner_Basic_Information', '2025-08-13 16:32:35.415171-04', '2025-08-13 16:32:35.415171-04', 'part 1, question 1-4', NULL, 1, 1),
(2, '2602c303-5322-4504-8b86-934b8646b359', 'Petitioner_Personal_Information', '2025-08-13 16:32:35.415171-04', '2025-08-13 16:32:35.415171-04', 'part 2, question 1-9', NULL, 1, 2),
(3, '0b9b4c3d-cb40-40ad-bbf2-4081cc659748', 'Petitioner_Address_History', '2025-08-13 16:32:35.415171-04', '2025-08-13 16:32:35.415171-04', 'part 2, question 10-15', NULL, 1, 3),
(4, '6a7dfc54-373d-47ef-a3fd-0f37b7c687db', 'Petitioner_Marital_Information', '2025-08-13 16:32:35.415171-04', '2025-08-13 16:32:35.415171-04', 'part 2, question 16-23', NULL, 1, 4),
(5, 'f069956f-9fd2-4462-a0cf-5ec14e40d5f1', 'Petitioner_Parent_Information', '2025-08-13 16:32:35.415171-04', '2025-08-13 16:32:35.415171-04', 'part 2, question 24-35', NULL, 1, 5),
(6, '4a001e03-d8c8-408b-aef0-560d71ef559d', 'Petitioner_Additional_Information', '2025-08-13 16:32:35.415171-04', '2025-08-13 16:32:35.415171-04', 'part 2, question 36-41', NULL, 1, 6),
(7, 'fabf5bdf-cba7-4dcb-8214-2f76f7c1dd14', 'Petitioner_Employment_History', '2025-08-13 16:32:35.415171-04', '2025-08-13 16:32:35.415171-04', 'part 2, question 42-49', NULL, 1, 7),
(8, '3a985d70-cd31-447b-9108-b5e86fbf9687', 'Petitioner_Biographic_and_Other_Information', '2025-08-13 16:32:35.415171-04', '2025-08-13 16:32:35.415171-04', 'part 3, question 1-6, part 5, question 1-9', NULL, 1, 8),
(9, 'a0d33fab-48ec-4472-9f2e-8f7c5e04f555', 'Beneficiary_Basic_Information', '2025-08-13 16:32:35.415171-04', '2025-08-13 16:32:35.415171-04', 'part 4, question 1-10', NULL, 1, 9),
(10, '32cd75ad-6d67-4834-8ece-79f24f06b939', 'Beneficiary_Address_History', '2025-08-13 16:32:35.415171-04', '2025-08-13 16:32:35.415171-04', 'part 4, question 11-16', NULL, 1, 10),
(11, '9c07d7a9-58d6-4e1a-87e4-684a70672c52', 'Beneficiary_Marital_Information', '2025-08-13 16:32:35.415171-04', '2025-08-13 16:32:35.415171-04', 'part 4, question 17-24', NULL, 1, 11),
(12, '21bc1490-a58c-41b0-845e-8e1c5fef41c4', 'Beneficiary_Family_Information', '2025-08-13 16:32:35.415171-04', '2025-08-13 16:32:35.415171-04', 'part 4, question 25-44', NULL, 1, 12),
(13, 'ae6b939e-359d-4f88-88b2-6268fcce5792', 'Beneficiary_Entry_and_Employment_Information', '2025-08-13 16:32:35.415171-04', '2025-08-13 16:32:35.415171-04', 'part 4, question 45-52', NULL, 1, 13),
(14, '95cc5be9-217e-4d02-bcbe-017921de9718', 'Beneficiary_Additional_Information', '2025-08-13 16:32:35.415171-04', '2025-08-13 16:32:35.415171-04', 'part 4, question 53-62', NULL, 1, 14),
(15, '32d7d2f0-07ca-4a75-8089-927bff1975e0', 'Translator', '2025-08-13 16:32:35.415171-04', '2025-08-13 16:32:35.415171-04', 'part 7, Translator form', NULL, 1, 15),
(16, '920187d1-c1ec-47e3-8511-503f4b7e12fd', 'Statements', '2025-08-13 16:32:35.415171-04', '2025-08-13 16:32:35.415171-04', 'part 6, Petitioner Statement', NULL, 1, 16);

INSERT INTO "public"."form_template_field" ("id", "created_at", "updated_at", "deleted_at", "name", "pdf_field_name", "dependency_expression", "should_fill_on_form", "type", "alternative_text", "description", "field_metadata", "minimum_length", "maximum_length", "section_id", "sequence", "key", "optional", "css_class") VALUES
(1, '2025-08-13 16:32:35.419179-04', '2025-08-13 16:32:35.419179-04', NULL, 'Petition for', NULL, NULL, 't', 'SELECT_ONE', NULL, NULL, NULL, NULL, NULL, 1, 1, 'Petitioner.PetitionFor', 'f', NULL),
(2, '2025-08-13 16:32:35.419179-04', '2025-08-13 16:32:35.419179-04', NULL, 'Child parent relationship', NULL, '{Petitioner.PetitionFor} == ''Parent'' || {Petitioner.PetitionFor} == ''Child''', 't', 'SELECT_ONE', NULL, NULL, NULL, NULL, NULL, 1, 2, 'Petitioner.ChildParentRelationship', 'f', NULL),
(3, '2025-08-13 16:32:35.419179-04', '2025-08-13 16:32:35.419179-04', NULL, 'Brother sister adopted', NULL, NULL, 't', 'SELECT_ONE', NULL, NULL, NULL, NULL, NULL, 1, 3, 'Petitioner.BrotherSisterAdopted', 'f', NULL),
(4, '2025-08-13 16:32:35.419179-04', '2025-08-13 16:32:35.419179-04', NULL, 'Resident through adoption', NULL, NULL, 't', 'SELECT_ONE', NULL, NULL, NULL, NULL, NULL, 1, 4, 'Petitioner.ResidentThroughAdoption', 'f', NULL),
(5, '2025-08-13 16:32:35.419179-04', '2025-08-13 16:32:35.419179-04', NULL, 'Alien registration number', 'Pt2Line1_AlienNumber[0]', NULL, 't', 'TEXT', NULL, NULL, NULL, NULL, NULL, 2, 5, 'Petitioner.Information.AlienRegistrationNumber', 'f', NULL),
(6, '2025-08-13 16:32:35.419179-04', '2025-08-13 16:32:35.419179-04', NULL, 'USCIS account number', 'Pt2Line2_USCISOnlineActNumber[0]', NULL, 't', 'TEXT', NULL, NULL, NULL, NULL, NULL, 2, 6, 'Petitioner.Information.USCISAccountNumber', 'f', NULL),
(7, '2025-08-13 16:32:35.419179-04', '2025-08-13 16:32:35.419179-04', NULL, 'Social security number', 'Pt2Line11_SSN[0]', NULL, 't', 'TEXT', NULL, NULL, NULL, NULL, NULL, 2, 7, 'Petitioner.Information.SocialSecurityNumber', 'f', NULL),
(8, '2025-08-13 16:32:35.419179-04', '2025-08-13 16:32:35.419179-04', NULL, 'Family name', 'Pt2Line4a_FamilyName[0]', NULL, 't', 'TEXT', NULL, NULL, NULL, NULL, NULL, 2, 8, 'Petitioner.Name.FamilyName', 'f', NULL),
(9, '2025-08-13 16:32:35.419179-04', '2025-08-13 16:32:35.419179-04', NULL, 'Given name', 'Pt2Line4b_GivenName[0]', NULL, 't', 'TEXT', NULL, NULL, NULL, NULL, NULL, 2, 9, 'Petitioner.Name.GivenName', 'f', NULL),
(10, '2025-08-13 16:32:35.419179-04', '2025-08-13 16:32:35.419179-04', NULL, 'Middle name', 'Pt2Line4c_MiddleName[0]', NULL, 't', 'TEXT', NULL, NULL, NULL, NULL, NULL, 2, 10, 'Petitioner.Name.MiddleName', 'f', NULL),
(11, '2025-08-13 16:32:35.419179-04', '2025-08-13 16:32:35.419179-04', NULL, 'Has other name', NULL, NULL, 'f', 'BOOLEAN', NULL, NULL, NULL, NULL, NULL, 2, 11, 'Petitioner.HasOtherName', 'f', NULL),
(12, '2025-08-13 16:32:35.419179-04', '2025-08-13 16:32:35.419179-04', NULL, 'Other family name', 'Pt2Line5a_FamilyName[0]', '{Petitioner.HasOtherName} == true', 't', 'TEXT', NULL, NULL, NULL, NULL, NULL, 2, 12, 'Petitioner.OtherName.FamilyName', 'f', NULL),
(13, '2025-08-13 16:32:35.419179-04', '2025-08-13 16:32:35.419179-04', NULL, 'Other given name', 'Pt2Line5b_GivenName[0]', '{Petitioner.HasOtherName} == true', 't', 'TEXT', NULL, NULL, NULL, NULL, NULL, 2, 13, 'Petitioner.OtherName.GivenName', 'f', NULL),
(14, '2025-08-13 16:32:35.419179-04', '2025-08-13 16:32:35.419179-04', NULL, 'Other middle name', 'Pt2Line5c_MiddleName[0]', '{Petitioner.HasOtherName} == true', 't', 'TEXT', NULL, NULL, NULL, NULL, NULL, 2, 14, 'Petitioner.OtherName.MiddleName', 'f', NULL),
(15, '2025-08-13 16:32:35.419179-04', '2025-08-13 16:32:35.419179-04', NULL, 'City or town of birth', 'Pt2Line6_CityTownOfBirth[0]', NULL, 't', 'TEXT', NULL, NULL, NULL, NULL, NULL, 2, 15, 'Petitioner.BirthPlace.CityOrTown', 'f', NULL),
(16, '2025-08-13 16:32:35.419179-04', '2025-08-13 16:32:35.419179-04', NULL, 'Country of birth', 'Pt2Line7_CountryofBirth[0]', NULL, 't', 'TEXT', NULL, NULL, NULL, NULL, NULL, 2, 16, 'Petitioner.BirthPlace.Country', 'f', NULL),
(17, '2025-08-13 16:32:35.419179-04', '2025-08-13 16:32:35.419179-04', NULL, 'Date of birth', 'Pt2Line8_DateofBirth[0]', NULL, 't', 'TEXT', NULL, NULL, NULL, NULL, NULL, 2, 17, 'Petitioner.DoB', 'f', NULL),
(18, '2025-08-13 16:32:35.419179-04', '2025-08-13 16:32:35.419179-04', NULL, 'Sex', NULL, NULL, 't', 'SELECT_ONE', NULL, NULL, NULL, NULL, NULL, 2, 18, 'Petitioner.Sex', 'f', NULL),
(19, '2025-08-13 16:32:35.419179-04', '2025-08-13 16:32:35.419179-04', NULL, 'In care of name', 'Pt2Line10_InCareofName[0]', NULL, 't', 'TEXT', NULL, NULL, NULL, NULL, NULL, 3, 19, 'Petitioner.MailingAddress.InCareOfName', 'f', NULL),
(20, '2025-08-13 16:32:35.419179-04', '2025-08-13 16:32:35.419179-04', NULL, 'Mailing street number and name', 'Pt2Line10_StreetNumberName[0]', NULL, 't', 'TEXT', NULL, NULL, NULL, NULL, NULL, 3, 20, 'Petitioner.MailingAddress.Address.StreetNumberName', 'f', NULL),
(21, '2025-08-13 16:32:35.419179-04', '2025-08-13 16:32:35.419179-04', NULL, 'Mailing secondary address line', NULL, NULL, 't', 'SELECT_ONE', NULL, NULL, NULL, NULL, NULL, 3, 21, 'Petitioner.MailingAddress.Address.SecondaryAddressLine', 'f', NULL),
(22, '2025-08-13 16:32:35.419179-04', '2025-08-13 16:32:35.419179-04', NULL, 'Mailing apt ste flr number', 'Pt2Line10_AptSteFlrNumber[0]', NULL, 't', 'TEXT', NULL, NULL, NULL, NULL, NULL, 3, 22, 'Petitioner.MailingAddress.Address.SecondaryAddressLine.Detail', 'f', NULL),
(23, '2025-08-13 16:32:35.419179-04', '2025-08-13 16:32:35.419179-04', NULL, 'Mailing city or town', 'Pt2Line10_CityOrTown[0]', NULL, 't', 'TEXT', NULL, NULL, NULL, NULL, NULL, 3, 23, 'Petitioner.MailingAddress.Address.CityOrTown', 'f', NULL),
(24, '2025-08-13 16:32:35.419179-04', '2025-08-13 16:32:35.419179-04', NULL, 'Mailing state', 'Pt2Line10_State[0]', NULL, 't', 'TEXT', NULL, NULL, NULL, NULL, NULL, 3, 24, 'Petitioner.MailingAddress.Address.State', 'f', NULL),
(25, '2025-08-13 16:32:35.419179-04', '2025-08-13 16:32:35.419179-04', NULL, 'Mailing zip code', 'Pt2Line10_ZipCode[0]', NULL, 't', 'TEXT', NULL, NULL, NULL, NULL, NULL, 3, 25, 'Petitioner.MailingAddress.Address.ZipCode', 'f', NULL),
(26, '2025-08-13 16:32:35.419179-04', '2025-08-13 16:32:35.419179-04', NULL, 'Mailing province', 'Pt2Line10_Province[0]', NULL, 't', 'TEXT', NULL, NULL, NULL, NULL, NULL, 3, 26, 'Petitioner.MailingAddress.Address.Province', 'f', NULL),
(27, '2025-08-13 16:32:35.419179-04', '2025-08-13 16:32:35.419179-04', NULL, 'Mailing postal code', 'Pt2Line10_PostalCode[0]', NULL, 't', 'TEXT', NULL, NULL, NULL, NULL, NULL, 3, 27, 'Petitioner.MailingAddress.Address.PostalCode', 'f', NULL),
(28, '2025-08-13 16:32:35.419179-04', '2025-08-13 16:32:35.419179-04', NULL, 'Mailing country', 'Pt2Line10_Country[0]', NULL, 't', 'TEXT', NULL, NULL, NULL, NULL, NULL, 3, 28, 'Petitioner.MailingAddress.Address.Country', 'f', NULL),
(29, '2025-08-13 16:32:35.419179-04', '2025-08-13 16:32:35.419179-04', NULL, 'Mailing same as physical address', NULL, NULL, 't', 'SELECT_ONE', NULL, NULL, NULL, NULL, NULL, 3, 29, 'Petitioner.MailingAddress.SameAsPhysicalAddress', 'f', NULL),
(30, '2025-08-13 16:32:35.419179-04', '2025-08-13 16:32:35.419179-04', NULL, 'Past addresses', NULL, NULL, 't', 'NUMBER', NULL, NULL, NULL, NULL, NULL, 3, 30, 'Petitioner.PastAddresses', 'f', NULL),
(31, '2025-08-13 16:32:35.419179-04', '2025-08-13 16:32:35.419179-04', NULL, 'Physical address 1 street number and name', 'Pt2Line12_StreetNumberName[0]', '{Petitioner.MailingAddress.SameAsPhysicalAddress} == ''No'' || ({Petitioner.MailingAddress.SameAsPhysicalAddress} == ''Yes'' && {Petitioner.PastAddresses} >= 1)', 't', 'TEXT', NULL, NULL, NULL, NULL, NULL, 3, 31, 'Petitioner.PhysicalAddress1.Address.StreetNumberName', 'f', NULL),
(32, '2025-08-13 16:32:35.419179-04', '2025-08-13 16:32:35.419179-04', NULL, 'Physical address 1 secondary address line', NULL, '{Petitioner.MailingAddress.SameAsPhysicalAddress} == ''No'' || ({Petitioner.MailingAddress.SameAsPhysicalAddress} == ''Yes'' && {Petitioner.PastAddresses} >= 1)', 't', 'SELECT_ONE', NULL, NULL, NULL, NULL, NULL, 3, 32, 'Petitioner.PhysicalAddress1.Address.SecondaryAddressLine', 'f', NULL),
(33, '2025-08-13 16:32:35.419179-04', '2025-08-13 16:32:35.419179-04', NULL, 'Physical address 1 apt ste flr number', 'Pt2Line12_AptSteFlrNumber[0]', '{Petitioner.MailingAddress.SameAsPhysicalAddress} == ''No'' || ({Petitioner.MailingAddress.SameAsPhysicalAddress} == ''Yes'' && {Petitioner.PastAddresses} >= 1)', 't', 'TEXT', NULL, NULL, NULL, NULL, NULL, 3, 33, 'Petitioner.PhysicalAddress1.Address.SecondaryAddressLine.Detail', 'f', NULL),
(34, '2025-08-13 16:32:35.419179-04', '2025-08-13 16:32:35.419179-04', NULL, 'Physical address 1 city or town', 'Pt2Line12_CityOrTown[0]', '{Petitioner.MailingAddress.SameAsPhysicalAddress} == ''No'' || ({Petitioner.MailingAddress.SameAsPhysicalAddress} == ''Yes'' && {Petitioner.PastAddresses} >= 1)', 't', 'TEXT', NULL, NULL, NULL, NULL, NULL, 3, 34, 'Petitioner.PhysicalAddress1.Address.CityOrTown', 'f', NULL),
(35, '2025-08-13 16:32:35.419179-04', '2025-08-13 16:32:35.419179-04', NULL, 'Physical address 1 state', 'Pt2Line12_State[0]', '{Petitioner.MailingAddress.SameAsPhysicalAddress} == ''No'' || ({Petitioner.MailingAddress.SameAsPhysicalAddress} == ''Yes'' && {Petitioner.PastAddresses} >= 1)', 't', 'TEXT', NULL, NULL, NULL, NULL, NULL, 3, 35, 'Petitioner.PhysicalAddress1.Address.State', 'f', NULL),
(36, '2025-08-13 16:32:35.419179-04', '2025-08-13 16:32:35.419179-04', NULL, 'Physical address 1 zip code', 'Pt2Line12_ZipCode[0]', '{Petitioner.MailingAddress.SameAsPhysicalAddress} == ''No'' || ({Petitioner.MailingAddress.SameAsPhysicalAddress} == ''Yes'' && {Petitioner.PastAddresses} >= 1)', 't', 'TEXT', NULL, NULL, NULL, NULL, NULL, 3, 36, 'Petitioner.PhysicalAddress1.Address.ZipCode', 'f', NULL),
(37, '2025-08-13 16:32:35.419179-04', '2025-08-13 16:32:35.419179-04', NULL, 'Physical address 1 province', 'Pt2Line12_Province[0]', '{Petitioner.MailingAddress.SameAsPhysicalAddress} == ''No'' || ({Petitioner.MailingAddress.SameAsPhysicalAddress} == ''Yes'' && {Petitioner.PastAddresses} >= 1)', 't', 'TEXT', NULL, NULL, NULL, NULL, NULL, 3, 37, 'Petitioner.PhysicalAddress1.Address.Province', 'f', NULL),
(38, '2025-08-13 16:32:35.419179-04', '2025-08-13 16:32:35.419179-04', NULL, 'Physical address 1 postal code', 'Pt2Line12_PostalCode[0]', '{Petitioner.MailingAddress.SameAsPhysicalAddress} == ''No'' || ({Petitioner.MailingAddress.SameAsPhysicalAddress} == ''Yes'' && {Petitioner.PastAddresses} >= 1)', 't', 'TEXT', NULL, NULL, NULL, NULL, NULL, 3, 38, 'Petitioner.PhysicalAddress1.Address.PostalCode', 'f', NULL),
(39, '2025-08-13 16:32:35.419179-04', '2025-08-13 16:32:35.419179-04', NULL, 'Physical address 1 country', 'Pt2Line12_Country[0]', '{Petitioner.MailingAddress.SameAsPhysicalAddress} == ''No'' || ({Petitioner.MailingAddress.SameAsPhysicalAddress} == ''Yes'' && {Petitioner.PastAddresses} >= 1)', 't', 'TEXT', NULL, NULL, NULL, NULL, NULL, 3, 39, 'Petitioner.PhysicalAddress1.Address.Country', 'f', NULL),
(40, '2025-08-13 16:32:35.419179-04', '2025-08-13 16:32:35.419179-04', NULL, 'Physical address 1 date from', 'Pt2Line13a_DateFrom[0]', '{Petitioner.MailingAddress.SameAsPhysicalAddress} == ''No'' || ({Petitioner.MailingAddress.SameAsPhysicalAddress} == ''Yes'' && {Petitioner.PastAddresses} >= 1)', 't', 'TEXT', NULL, NULL, NULL, NULL, NULL, 3, 40, 'Petitioner.PhysicalAddress1.DateFrom', 'f', NULL),
(41, '2025-08-13 16:32:35.419179-04', '2025-08-13 16:32:35.419179-04', NULL, 'Physical address 1 date to', 'Pt2Line13b_DateTo[0]', '{Petitioner.MailingAddress.SameAsPhysicalAddress} == ''No'' || ({Petitioner.MailingAddress.SameAsPhysicalAddress} == ''Yes'' && {Petitioner.PastAddresses} >= 1)', 't', 'TEXT', NULL, NULL, NULL, NULL, NULL, 3, 41, 'Petitioner.PhysicalAddress1.DateTo', 'f', NULL),
(42, '2025-08-13 16:32:35.419179-04', '2025-08-13 16:32:35.419179-04', NULL, 'Physical address 2 street number and name', 'Pt2Line14_StreetNumberName[0]', '({Petitioner.MailingAddress.SameAsPhysicalAddress} == ''No'' && {Petitioner.PastAddresses} >= 1) || ({Petitioner.MailingAddress.SameAsPhysicalAddress} == ''Yes'' && {Petitioner.PastAddresses} > 1)', 't', 'TEXT', NULL, NULL, NULL, NULL, NULL, 3, 42, 'Petitioner.PhysicalAddress2.Address.StreetNumberName', 'f', NULL),
(43, '2025-08-13 16:32:35.419179-04', '2025-08-13 16:32:35.419179-04', NULL, 'Physical address 2 secondary address line', NULL, '({Petitioner.MailingAddress.SameAsPhysicalAddress} == ''No'' && {Petitioner.PastAddresses} >= 1) || ({Petitioner.MailingAddress.SameAsPhysicalAddress} == ''Yes'' && {Petitioner.PastAddresses} > 1)', 't', 'SELECT_ONE', NULL, NULL, NULL, NULL, NULL, 3, 43, 'Petitioner.PhysicalAddress2.Address.SecondaryAddressLine', 'f', NULL),
(44, '2025-08-13 16:32:35.419179-04', '2025-08-13 16:32:35.419179-04', NULL, 'Physical address 2 apt ste flr number', 'Pt2Line14_AptSteFlrNumber[0]', '({Petitioner.MailingAddress.SameAsPhysicalAddress} == ''No'' && {Petitioner.PastAddresses} >= 1) || ({Petitioner.MailingAddress.SameAsPhysicalAddress} == ''Yes'' && {Petitioner.PastAddresses} > 1)', 't', 'TEXT', NULL, NULL, NULL, NULL, NULL, 3, 44, 'Petitioner.PhysicalAddress2.Address.SecondaryAddressLine.Detail', 'f', NULL),
(45, '2025-08-13 16:32:35.419179-04', '2025-08-13 16:32:35.419179-04', NULL, 'Physical address 2 city or town', 'Pt2Line14_CityOrTown[0]', '({Petitioner.MailingAddress.SameAsPhysicalAddress} == ''No'' && {Petitioner.PastAddresses} >= 1) || ({Petitioner.MailingAddress.SameAsPhysicalAddress} == ''Yes'' && {Petitioner.PastAddresses} > 1)', 't', 'TEXT', NULL, NULL, NULL, NULL, NULL, 3, 45, 'Petitioner.PhysicalAddress2.Address.CityOrTown', 'f', NULL),
(46, '2025-08-13 16:32:35.419179-04', '2025-08-13 16:32:35.419179-04', NULL, 'Physical address 2 state', 'Pt2Line14_State[0]', '({Petitioner.MailingAddress.SameAsPhysicalAddress} == ''No'' && {Petitioner.PastAddresses} >= 1) || ({Petitioner.MailingAddress.SameAsPhysicalAddress} == ''Yes'' && {Petitioner.PastAddresses} > 1)', 't', 'TEXT', NULL, NULL, NULL, NULL, NULL, 3, 46, 'Petitioner.PhysicalAddress2.Address.State', 'f', NULL),
(47, '2025-08-13 16:32:35.419179-04', '2025-08-13 16:32:35.419179-04', NULL, 'Physical address 2 zip code', 'Pt2Line14_ZipCode[0]', '({Petitioner.MailingAddress.SameAsPhysicalAddress} == ''No'' && {Petitioner.PastAddresses} >= 1) || ({Petitioner.MailingAddress.SameAsPhysicalAddress} == ''Yes'' && {Petitioner.PastAddresses} > 1)', 't', 'TEXT', NULL, NULL, NULL, NULL, NULL, 3, 47, 'Petitioner.PhysicalAddress2.Address.ZipCode', 'f', NULL),
(48, '2025-08-13 16:32:35.419179-04', '2025-08-13 16:32:35.419179-04', NULL, 'Physical address 2 province', 'Pt2Line14_Province[0]', '({Petitioner.MailingAddress.SameAsPhysicalAddress} == ''No'' && {Petitioner.PastAddresses} >= 1) || ({Petitioner.MailingAddress.SameAsPhysicalAddress} == ''Yes'' && {Petitioner.PastAddresses} > 1)', 't', 'TEXT', NULL, NULL, NULL, NULL, NULL, 3, 48, 'Petitioner.PhysicalAddress2.Address.Province', 'f', NULL),
(49, '2025-08-13 16:32:35.419179-04', '2025-08-13 16:32:35.419179-04', NULL, 'Physical address 2 postal code', 'Pt2Line14_PostalCode[0]', '({Petitioner.MailingAddress.SameAsPhysicalAddress} == ''No'' && {Petitioner.PastAddresses} >= 1) || ({Petitioner.MailingAddress.SameAsPhysicalAddress} == ''Yes'' && {Petitioner.PastAddresses} > 1)', 't', 'TEXT', NULL, NULL, NULL, NULL, NULL, 3, 49, 'Petitioner.PhysicalAddress2.Address.PostalCode', 'f', NULL),
(50, '2025-08-13 16:32:35.419179-04', '2025-08-13 16:32:35.419179-04', NULL, 'Physical address 2 country', 'Pt2Line14_Country[0]', '({Petitioner.MailingAddress.SameAsPhysicalAddress} == ''No'' && {Petitioner.PastAddresses} >= 1) || ({Petitioner.MailingAddress.SameAsPhysicalAddress} == ''Yes'' && {Petitioner.PastAddresses} > 1)', 't', 'TEXT', NULL, NULL, NULL, NULL, NULL, 3, 50, 'Petitioner.PhysicalAddress2.Address.Country', 'f', NULL),
(51, '2025-08-13 16:32:35.419179-04', '2025-08-13 16:32:35.419179-04', NULL, 'Physical address 2 date from', 'Pt2Line15a_DateFrom[0]', '({Petitioner.MailingAddress.SameAsPhysicalAddress} == ''No'' && {Petitioner.PastAddresses} >= 1) || ({Petitioner.MailingAddress.SameAsPhysicalAddress} == ''Yes'' && {Petitioner.PastAddresses} > 1)', 't', 'TEXT', NULL, NULL, NULL, NULL, NULL, 3, 51, 'Petitioner.PhysicalAddress2.DateFrom', 'f', NULL),
(52, '2025-08-13 16:32:35.419179-04', '2025-08-13 16:32:35.419179-04', NULL, 'Physical address 2 date to', 'Pt2Line15b_DateTo[0]', '({Petitioner.MailingAddress.SameAsPhysicalAddress} == ''No'' && {Petitioner.PastAddresses} >= 1) || ({Petitioner.MailingAddress.SameAsPhysicalAddress} == ''Yes'' && {Petitioner.PastAddresses} > 1)', 't', 'TEXT', NULL, NULL, NULL, NULL, NULL, 3, 52, 'Petitioner.PhysicalAddress2.DateTo', 'f', NULL),
(53, '2025-08-13 16:32:35.419179-04', '2025-08-13 16:32:35.419179-04', NULL, 'Times married', 'Pt2Line16_NumberofMarriages[0]', NULL, 't', 'NUMBER', NULL, NULL, NULL, NULL, NULL, 4, 53, 'Petitioner.MaritalInfo.TimesMarried', 'f', NULL),
(54, '2025-08-13 16:32:35.419179-04', '2025-08-13 16:32:35.419179-04', NULL, 'Marital status', NULL, '{Petitioner.MaritalInfo.TimesMarried}>=1', 't', 'SELECT_ONE', NULL, NULL, NULL, NULL, NULL, 4, 54, 'Petitioner.MaritalInfo.MaritalStatus', 'f', NULL),
(55, '2025-08-13 16:32:35.419179-04', '2025-08-13 16:32:35.419179-04', NULL, 'Date of current marriage', 'Pt2Line18_DateOfMarriage[0]', '{Petitioner.MaritalInfo.MaritalStatus} == ''Married''', 't', 'TEXT', NULL, NULL, NULL, NULL, NULL, 4, 55, 'Petitioner.MaritalInfo.DateOfCurrentMarriage', 'f', NULL),
(56, '2025-08-13 16:32:35.419179-04', '2025-08-13 16:32:35.419179-04', NULL, 'Place of current marriage city or town', 'Pt2Line19a_CityTown[0]', '{Petitioner.MaritalInfo.MaritalStatus} == ''Married''', 't', 'TEXT', NULL, NULL, NULL, NULL, NULL, 4, 56, 'Petitioner.MaritalInfo.PlaceOfCurrentMarriage.CityOrTown', 'f', NULL),
(57, '2025-08-13 16:32:35.419179-04', '2025-08-13 16:32:35.419179-04', NULL, 'Place of current marriage state', 'Pt2Line19b_State[0]', '{Petitioner.MaritalInfo.MaritalStatus} == ''Married''', 't', 'TEXT', NULL, NULL, NULL, NULL, NULL, 4, 57, 'Petitioner.MaritalInfo.PlaceOfCurrentMarriage.State', 'f', NULL),
(58, '2025-08-13 16:32:35.419179-04', '2025-08-13 16:32:35.419179-04', NULL, 'Place of current marriage province', 'Pt2Line19c_Province[0]', '{Petitioner.MaritalInfo.MaritalStatus} == ''Married''', 't', 'TEXT', NULL, NULL, NULL, NULL, NULL, 4, 58, 'Petitioner.MaritalInfo.PlaceOfCurrentMarriage.Province', 'f', NULL),
(59, '2025-08-13 16:32:35.419179-04', '2025-08-13 16:32:35.419179-04', NULL, 'Place of current marriage country', 'Pt2Line19d_Country[0]', '{Petitioner.MaritalInfo.MaritalStatus} == ''Married''', 't', 'TEXT', NULL, NULL, NULL, NULL, NULL, 4, 59, 'Petitioner.MaritalInfo.PlaceOfCurrentMarriage.Country', 'f', NULL),
(60, '2025-08-13 16:32:35.419179-04', '2025-08-13 16:32:35.419179-04', NULL, 'Spouse 1 family name', 'PtLine20a_FamilyName[0]', '{Petitioner.MaritalInfo.TimesMarried} >= 1', 't', 'TEXT', NULL, NULL, NULL, NULL, NULL, 4, 60, 'Petitioner.MaritalInfo.Spouse1.Name.FamilyName', 'f', NULL),
(61, '2025-08-13 16:32:35.419179-04', '2025-08-13 16:32:35.419179-04', NULL, 'Spouse 1 given name', 'Pt2Line20b_GivenName[0]', '{Petitioner.MaritalInfo.TimesMarried} >= 1', 't', 'TEXT', NULL, NULL, NULL, NULL, NULL, 4, 61, 'Petitioner.MaritalInfo.Spouse1.Name.GivenName', 'f', NULL),
(62, '2025-08-13 16:32:35.419179-04', '2025-08-13 16:32:35.419179-04', NULL, 'Spouse 1 middle name', 'Pt2Line20c_MiddleName[0]', '{Petitioner.MaritalInfo.TimesMarried} >= 1', 't', 'TEXT', NULL, NULL, NULL, NULL, NULL, 4, 62, 'Petitioner.MaritalInfo.Spouse1.Name.MiddleName', 'f', NULL),
(63, '2025-08-13 16:32:35.419179-04', '2025-08-13 16:32:35.419179-04', NULL, 'Spouse 2 date marriage ended', 'Pt2Line23_DateMarriageEnded[0]', '{Petitioner.MaritalInfo.TimesMarried} > 1 || ({Petitioner.MaritalInfo.TimesMarried} == 1 && {Petitioner.MaritalInfo.MaritalStatus} != ''Married'')', 't', 'TEXT', NULL, NULL, NULL, NULL, NULL, 4, 63, 'Petitioner.MaritalInfo.Spouse2.DateMarriageEnded', 'f', NULL),
(64, '2025-08-13 16:32:35.419179-04', '2025-08-13 16:32:35.419179-04', NULL, 'Spouse 2 middle name', 'Pt2Line22c_MiddleName[0]', '{Petitioner.MaritalInfo.TimesMarried} > 1', 't', 'TEXT', NULL, NULL, NULL, NULL, NULL, 4, 64, 'Petitioner.MaritalInfo.Spouse2.Name.MiddleName', 'f', NULL),
(65, '2025-08-13 16:32:35.419179-04', '2025-08-13 16:32:35.419179-04', NULL, 'Spouse 2 given name', 'Pt2Line22b_GivenName[0]', '{Petitioner.MaritalInfo.TimesMarried} > 1', 't', 'TEXT', NULL, NULL, NULL, NULL, NULL, 4, 65, 'Petitioner.MaritalInfo.Spouse2.Name.GivenName', 'f', NULL),
(66, '2025-08-13 16:32:35.419179-04', '2025-08-13 16:32:35.419179-04', NULL, 'Spouse 2 family name', 'Pt2Line22a_FamilyName[0]', '{Petitioner.MaritalInfo.TimesMarried} > 1', 't', 'TEXT', NULL, NULL, NULL, NULL, NULL, 4, 66, 'Petitioner.MaritalInfo.Spouse2.Name.FamilyName', 'f', NULL),
(67, '2025-08-13 16:32:35.419179-04', '2025-08-13 16:32:35.419179-04', NULL, 'Spouse 1 date marriage ended', 'Pt2Line21_DateMarriageEnded[0]', '{Petitioner.MaritalInfo.TimesMarried} > 1', 't', 'TEXT', NULL, NULL, NULL, NULL, NULL, 4, 67, 'Petitioner.MaritalInfo.Spouse1.DateMarriageEnded', 'f', NULL),
(68, '2025-08-13 16:32:35.419179-04', '2025-08-13 16:32:35.419179-04', NULL, 'Family name', 'Pt2Line24_FamilyName[0]', NULL, 't', 'TEXT', NULL, NULL, NULL, NULL, NULL, 5, 68, 'Petitioner.Parent1.Name.FamilyName', 'f', NULL),
(69, '2025-08-13 16:32:35.419179-04', '2025-08-13 16:32:35.419179-04', NULL, 'Given name', 'Pt2Line24_GivenName[0]', NULL, 't', 'TEXT', NULL, NULL, NULL, NULL, NULL, 5, 69, 'Petitioner.Parent1.Name.GivenName', 'f', NULL),
(70, '2025-08-13 16:32:35.419179-04', '2025-08-13 16:32:35.419179-04', NULL, 'Middle name', 'Pt2Line24_MiddleName[0]', NULL, 't', 'TEXT', NULL, NULL, NULL, NULL, NULL, 5, 70, 'Petitioner.Parent1.Name.MiddleName', 'f', NULL),
(71, '2025-08-13 16:32:35.419179-04', '2025-08-13 16:32:35.419179-04', NULL, 'Date of birth', 'Pt2Line25_DateofBirth[0]', NULL, 't', 'TEXT', NULL, NULL, NULL, NULL, NULL, 5, 71, 'Petitioner.Parent1.DoB', 'f', NULL),
(72, '2025-08-13 16:32:35.419179-04', '2025-08-13 16:32:35.419179-04', NULL, 'Sex', NULL, NULL, 't', 'SELECT_ONE', NULL, NULL, NULL, NULL, NULL, 5, 72, 'Petitioner.Parent1.Sex', 'f', NULL),
(73, '2025-08-13 16:32:35.419179-04', '2025-08-13 16:32:35.419179-04', NULL, 'Country of birth', 'Pt2Line27_CountryofBirth[0]', NULL, 't', 'TEXT', NULL, NULL, NULL, NULL, NULL, 5, 73, 'Petitioner.Parent1.CountryOfBirth', 'f', NULL),
(74, '2025-08-13 16:32:35.419179-04', '2025-08-13 16:32:35.419179-04', NULL, 'City town or village of residence', 'Pt2Line28_CityTownOrVillageOfResidence[0]', NULL, 't', 'TEXT', NULL, NULL, NULL, NULL, NULL, 5, 74, 'Petitioner.Parent1.Address.CityOrTown', 'f', NULL),
(75, '2025-08-13 16:32:35.419179-04', '2025-08-13 16:32:35.419179-04', NULL, 'Country of residence', 'Pt2Line29_CountryOfResidence[0]', NULL, 't', 'TEXT', NULL, NULL, NULL, NULL, NULL, 5, 75, 'Petitioner.Parent1.Address.Country', 'f', NULL),
(76, '2025-08-13 16:32:35.419179-04', '2025-08-13 16:32:35.419179-04', NULL, 'Given name', 'Pt2Line30b_GivenName[0]', NULL, 't', 'TEXT', NULL, NULL, NULL, NULL, NULL, 5, 76, 'Petitioner.Parent2.Name.GivenName', 'f', NULL),
(77, '2025-08-13 16:32:35.419179-04', '2025-08-13 16:32:35.419179-04', NULL, 'Middle name', 'Pt2Line30c_MiddleName[0]', NULL, 't', 'TEXT', NULL, NULL, NULL, NULL, NULL, 5, 77, 'Petitioner.Parent2.Name.MiddleName', 'f', NULL),
(78, '2025-08-13 16:32:35.419179-04', '2025-08-13 16:32:35.419179-04', NULL, 'Family name', 'Pt2Line30a_FamilyName[0]', NULL, 't', 'TEXT', NULL, NULL, NULL, NULL, NULL, 5, 78, 'Petitioner.Parent2.Name.FamilyName', 'f', NULL),
(79, '2025-08-13 16:32:35.419179-04', '2025-08-13 16:32:35.419179-04', NULL, 'Date of birth', 'Pt2Line31_DateofBirth[0]', NULL, 't', 'TEXT', NULL, NULL, NULL, NULL, NULL, 5, 79, 'Petitioner.Parent2.DoB', 'f', NULL),
(80, '2025-08-13 16:32:35.419179-04', '2025-08-13 16:32:35.419179-04', NULL, 'Sex', NULL, NULL, 't', 'SELECT_ONE', NULL, NULL, NULL, NULL, NULL, 5, 80, 'Petitioner.Parent2.Sex', 'f', NULL),
(81, '2025-08-13 16:32:35.419179-04', '2025-08-13 16:32:35.419179-04', NULL, 'Country of birth', 'Pt2Line33_CountryofBirth[0]', NULL, 't', 'TEXT', NULL, NULL, NULL, NULL, NULL, 5, 81, 'Petitioner.Parent2.Address.Country', 'f', NULL),
(82, '2025-08-13 16:32:35.419179-04', '2025-08-13 16:32:35.419179-04', NULL, 'City town or village of residence', 'Pt2Line34_CityTownOrVillageOfResidence[0]', NULL, 't', 'TEXT', NULL, NULL, NULL, NULL, NULL, 5, 82, 'Petitioner.Parent2.Address.CityOrTown', 'f', NULL),
(83, '2025-08-13 16:32:35.419179-04', '2025-08-13 16:32:35.419179-04', NULL, 'Country of residence', 'Pt2Line35_CountryOfResidence[0]', NULL, 't', 'TEXT', NULL, NULL, NULL, NULL, NULL, 5, 83, 'Petitioner.Parent2.Address.Country', 'f', NULL),
(84, '2025-08-13 16:32:35.419179-04', '2025-08-13 16:32:35.419179-04', NULL, 'Residence type', NULL, NULL, 't', 'SELECT_ONE', NULL, NULL, NULL, NULL, NULL, 6, 84, 'Petitioner.Residence.Type', 'f', NULL),
(85, '2025-08-13 16:32:35.419179-04', '2025-08-13 16:32:35.419179-04', NULL, 'Citizenship acquirement', NULL, '{Petitioner.Residence.Type} == ''USCitizen''', 't', 'SELECT_ONE', NULL, NULL, NULL, NULL, NULL, 6, 85, 'Petitioner.Residence.Citizen.CitizenshipAcquirement', 'f', NULL),
(86, '2025-08-13 16:32:35.419179-04', '2025-08-13 16:32:35.419179-04', NULL, 'Obtained certificate of naturalization/citizenship', NULL, NULL, 't', 'SELECT_ONE', NULL, NULL, NULL, NULL, NULL, 6, 86, 'Petitioner.Residence.Citizen.ObtainedCertificateOfNaturalizationCitizenship', 'f', NULL),
(87, '2025-08-13 16:32:35.419179-04', '2025-08-13 16:32:35.419179-04', NULL, 'Certificate number', 'Pt2Line37a_CertificateNumber[0]', '{Petitioner.Residence.Citizen.ObtainedCertificateOfNaturalizationCitizenship} == ''Yes''', 't', 'TEXT', NULL, NULL, NULL, NULL, NULL, 6, 87, 'Petitioner.Residence.Citizen.CertificateNumber', 'f', NULL),
(88, '2025-08-13 16:32:35.419179-04', '2025-08-13 16:32:35.419179-04', NULL, 'Date of issuance', 'Pt2Line37c_DateOfIssuance[0]', '{Petitioner.Residence.Citizen.ObtainedCertificateOfNaturalizationCitizenship} == ''Yes''', 't', 'TEXT', NULL, NULL, NULL, NULL, NULL, 6, 88, 'Petitioner.Residence.Citizen.DateOfIssuance', 'f', NULL),
(89, '2025-08-13 16:32:35.419179-04', '2025-08-13 16:32:35.419179-04', NULL, 'Place of issuance', 'Pt2Line37b_PlaceOfIssuance[0]', '{Petitioner.Residence.Citizen.ObtainedCertificateOfNaturalizationCitizenship} == ''Yes''', 't', 'TEXT', NULL, NULL, NULL, NULL, NULL, 6, 89, 'Petitioner.Residence.Citizen.PlaceOfIssuance', 'f', NULL),
(90, '2025-08-13 16:32:35.419179-04', '2025-08-13 16:32:35.419179-04', NULL, 'Class of admission', 'Pt2Line40a_ClassOfAdmission[0]', '{Petitioner.Residence.Type} == ''LPR''', 't', 'TEXT', NULL, NULL, NULL, NULL, NULL, 6, 90, 'Petitioner.Residence.LawfulPermanentresident.ClassAdmission', 'f', NULL),
(91, '2025-08-13 16:32:35.419179-04', '2025-08-13 16:32:35.419179-04', NULL, 'Date of admission', 'Pt2Line40b_DateOfAdmission[0]', '{Petitioner.Residence.Type} == ''LPR''', 't', 'TEXT', NULL, NULL, NULL, NULL, NULL, 6, 91, 'Petitioner.Residence.LawfulPermanentresident.DateAdmission', 'f', NULL),
(92, '2025-08-13 16:32:35.419179-04', '2025-08-13 16:32:35.419179-04', NULL, 'City or town of admission', 'Pt2Line40d_CityOrTown[0]', '{Petitioner.Residence.Type} == ''LPR''', 't', 'TEXT', NULL, NULL, NULL, NULL, NULL, 6, 92, 'Petitioner.Residence.LawfulPermanentresident.PlaceAdmission.CityOrTown', 'f', NULL),
(93, '2025-08-13 16:32:35.419179-04', '2025-08-13 16:32:35.419179-04', NULL, 'State of admission', 'Pt2Line40e_State[0]', '{Petitioner.Residence.Type} == ''LPR''', 't', 'TEXT', NULL, NULL, NULL, NULL, NULL, 6, 93, 'Petitioner.Residence.LawfulPermanentresident.PlaceAdmission.State', 'f', NULL),
(94, '2025-08-13 16:32:35.419179-04', '2025-08-13 16:32:35.419179-04', NULL, 'Obtained through marriage', NULL, NULL, 't', 'SELECT_ONE', NULL, NULL, NULL, NULL, NULL, 6, 94, 'Petitioner.LawfulPermanentresident.ObtainedThroughMarriage', 'f', NULL),
(95, '2025-08-13 16:32:35.419179-04', '2025-08-13 16:32:35.419179-04', NULL, 'Employer 1 street number and name', 'Pt2Line41_StreetNumberName[0]', '{Petitioner.Employer1.CompanyName} != ''unemployeed''', 't', 'TEXT', NULL, NULL, NULL, NULL, NULL, 7, 95, 'Petitioner.Employer1.Address.StreetNumberName', 'f', NULL),
(96, '2025-08-13 16:32:35.419179-04', '2025-08-13 16:32:35.419179-04', NULL, 'Employer 1 secondary address line', NULL, '{Petitioner.Employer1.CompanyName} != ''unemployeed''', 't', 'SELECT_ONE', NULL, NULL, NULL, NULL, NULL, 7, 96, 'Petitioner.Employer1.Address.SecondaryAddressLine', 'f', NULL),
(97, '2025-08-13 16:32:35.419179-04', '2025-08-13 16:32:35.419179-04', NULL, 'Employer 1 apt ste flr number', 'Pt2Line41_AptSteFlrNumber[0]', '{Petitioner.Employer1.CompanyName} != ''unemployeed''', 't', 'TEXT', NULL, NULL, NULL, NULL, NULL, 7, 97, 'Petitioner.Employer1.Address.SecondaryAddressLine.Detail', 'f', NULL),
(98, '2025-08-13 16:32:35.419179-04', '2025-08-13 16:32:35.419179-04', NULL, 'Employer 1 city or town', 'Pt2Line41_CityOrTown[0]', '{Petitioner.Employer1.CompanyName} != ''unemployeed''', 't', 'TEXT', NULL, NULL, NULL, NULL, NULL, 7, 98, 'Petitioner.Employer1.Address.CityOrTown', 'f', NULL),
(99, '2025-08-13 16:32:35.419179-04', '2025-08-13 16:32:35.419179-04', NULL, 'Employer 1 state', 'Pt2Line41_State[0]', '{Petitioner.Employer1.CompanyName} != ''unemployeed''', 't', 'TEXT', NULL, NULL, NULL, NULL, NULL, 7, 99, 'Petitioner.Employer1.Address.State', 'f', NULL),
(100, '2025-08-13 16:32:35.419179-04', '2025-08-13 16:32:35.419179-04', NULL, 'Employer 1 province', 'Pt2Line41_Province[0]', '{Petitioner.Employer1.CompanyName} != ''unemployeed''', 't', 'TEXT', NULL, NULL, NULL, NULL, NULL, 7, 100, 'Petitioner.Employer1.Address.Province', 'f', NULL),
(101, '2025-08-13 16:32:35.419179-04', '2025-08-13 16:32:35.419179-04', NULL, 'Employer 1 postal code', 'Pt2Line41_PostalCode[0]', '{Petitioner.Employer1.CompanyName} != ''unemployeed''', 't', 'TEXT', NULL, NULL, NULL, NULL, NULL, 7, 101, 'Petitioner.Employer1.Address.PostalCode', 'f', NULL),
(102, '2025-08-13 16:32:35.419179-04', '2025-08-13 16:32:35.419179-04', NULL, 'Employer 1 zip code', 'Pt2Line41_ZipCode[0]', '{Petitioner.Employer1.CompanyName} != ''unemployeed''', 't', 'TEXT', NULL, NULL, NULL, NULL, NULL, 7, 102, 'Petitioner.Employer1.Address.ZipCode', 'f', NULL),
(103, '2025-08-13 16:32:35.419179-04', '2025-08-13 16:32:35.419179-04', NULL, 'Employer 1 country', 'Pt2Line41_Country[0]', '{Petitioner.Employer1.CompanyName} != ''unemployeed''', 't', 'TEXT', NULL, NULL, NULL, NULL, NULL, 7, 103, 'Petitioner.Employer1.Address.Country', 'f', NULL),
(104, '2025-08-13 16:32:35.419179-04', '2025-08-13 16:32:35.419179-04', NULL, 'Employer 1 occupation', 'Pt2Line42_Occupation[0]', '{Petitioner.Employer1.CompanyName} != ''unemployeed''', 't', 'TEXT', NULL, NULL, NULL, NULL, NULL, 7, 104, 'Petitioner.Employer1.Occupation', 'f', NULL),
(105, '2025-08-13 16:32:35.419179-04', '2025-08-13 16:32:35.419179-04', NULL, 'Employer 1 date from', 'Pt2Line43a_DateFrom[0]', '{Petitioner.Employer1.CompanyName} != ''unemployeed''', 't', 'TEXT', NULL, NULL, NULL, NULL, NULL, 7, 105, 'Petitioner.Employer1.DateFrom', 'f', NULL),
(106, '2025-08-13 16:32:35.419179-04', '2025-08-13 16:32:35.419179-04', NULL, 'Employer 1 date to', 'Pt2Line43b_DateTo[0]', '{Petitioner.Employer1.CompanyName} != ''unemployeed''', 't', 'TEXT', NULL, NULL, NULL, NULL, NULL, 7, 106, 'Petitioner.Employer1.DateTo', 'f', NULL),
(107, '2025-08-13 16:32:35.419179-04', '2025-08-13 16:32:35.419179-04', NULL, 'Has other employment history', NULL, NULL, 'f', 'BOOLEAN', NULL, NULL, NULL, NULL, NULL, 7, 107, 'Petitioner.HasOtherEmploymentHistory', 'f', NULL),
(108, '2025-08-13 16:32:35.419179-04', '2025-08-13 16:32:35.419179-04', NULL, 'Employer 2 or organization name', 'Pt2Line44_EmployerOrOrgName[0]', '{Petitioner.HasOtherEmploymentHistory} == true', 't', 'TEXT', NULL, NULL, NULL, NULL, NULL, 7, 108, 'Petitioner.Employer2.CompanyName', 'f', NULL),
(109, '2025-08-13 16:32:35.419179-04', '2025-08-13 16:32:35.419179-04', NULL, 'Employer 2 street number and name', 'Pt2Line45_StreetNumberName[0]', '{Petitioner.HasOtherEmploymentHistory} == true', 't', 'TEXT', NULL, NULL, NULL, NULL, NULL, 7, 109, 'Petitioner.Employer2.Address.StreetNumberName', 'f', NULL),
(110, '2025-08-13 16:32:35.419179-04', '2025-08-13 16:32:35.419179-04', NULL, 'Employer 2 secondary address line', NULL, '{Petitioner.HasOtherEmploymentHistory} == true', 't', 'SELECT_ONE', NULL, NULL, NULL, NULL, NULL, 7, 110, 'Petitioner.Employer2.Address.SecondaryAddressLine', 'f', NULL),
(111, '2025-08-13 16:32:35.419179-04', '2025-08-13 16:32:35.419179-04', NULL, 'Employer 2 apt ste flr number', 'Pt2Line45_AptSteFlrNumber[0]', '{Petitioner.HasOtherEmploymentHistory} == true', 't', 'TEXT', NULL, NULL, NULL, NULL, NULL, 7, 111, 'Petitioner.Employer2.Address.SecondaryAddressLine.Detail', 'f', NULL),
(112, '2025-08-13 16:32:35.419179-04', '2025-08-13 16:32:35.419179-04', NULL, 'Employer 2 city or town', 'Pt2Line45_CityOrTown[0]', '{Petitioner.HasOtherEmploymentHistory} == true', 't', 'TEXT', NULL, NULL, NULL, NULL, NULL, 7, 112, 'Petitioner.Employer2.Address.CityOrTown', 'f', NULL),
(113, '2025-08-13 16:32:35.419179-04', '2025-08-13 16:32:35.419179-04', NULL, 'Employer 2 state', 'Pt2Line45_State[0]', '{Petitioner.HasOtherEmploymentHistory} == true', 't', 'TEXT', NULL, NULL, NULL, NULL, NULL, 7, 113, 'Petitioner.Employer2.Address.State', 'f', NULL),
(114, '2025-08-13 16:32:35.419179-04', '2025-08-13 16:32:35.419179-04', NULL, 'Employer 2 province', 'Pt2Line45_Province[0]', '{Petitioner.HasOtherEmploymentHistory} == true', 't', 'TEXT', NULL, NULL, NULL, NULL, NULL, 7, 114, 'Petitioner.Employer2.Address.Province', 'f', NULL),
(115, '2025-08-13 16:32:35.419179-04', '2025-08-13 16:32:35.419179-04', NULL, 'Employer 2 postal code', 'Pt2Line45_PostalCode[0]', '{Petitioner.HasOtherEmploymentHistory} == true', 't', 'TEXT', NULL, NULL, NULL, NULL, NULL, 7, 115, 'Petitioner.Employer2.Address.PostalCode', 'f', NULL),
(116, '2025-08-13 16:32:35.419179-04', '2025-08-13 16:32:35.419179-04', NULL, 'Employer 2 zip code', 'Pt2Line45_ZipCode[0]', '{Petitioner.HasOtherEmploymentHistory} == true', 't', 'TEXT', NULL, NULL, NULL, NULL, NULL, 7, 116, 'Petitioner.Employer2.Address.ZipCode', 'f', NULL),
(117, '2025-08-13 16:32:35.419179-04', '2025-08-13 16:32:35.419179-04', NULL, 'Employer 2 country', 'Pt2Line45_Country[0]', '{Petitioner.HasOtherEmploymentHistory} == true', 't', 'TEXT', NULL, NULL, NULL, NULL, NULL, 7, 117, 'Petitioner.Employer2.Address.Country', 'f', NULL),
(118, '2025-08-13 16:32:35.419179-04', '2025-08-13 16:32:35.419179-04', NULL, 'Employer 2 occupation', 'Pt2Line46_Occupation[0]', '{Petitioner.HasOtherEmploymentHistory} == true', 't', 'TEXT', NULL, NULL, NULL, NULL, NULL, 7, 118, 'Petitioner.Employer2.Occupation', 'f', NULL),
(119, '2025-08-13 16:32:35.419179-04', '2025-08-13 16:32:35.419179-04', NULL, 'Employer 2 date from', 'Pt2Line47a_DateFrom[0]', '{Petitioner.HasOtherEmploymentHistory} == true', 't', 'TEXT', NULL, NULL, NULL, NULL, NULL, 7, 119, 'Petitioner.Employer2.DateFrom', 'f', NULL),
(120, '2025-08-13 16:32:35.419179-04', '2025-08-13 16:32:35.419179-04', NULL, 'Employer 2 date to', 'Pt2Line47b_DateTo[0]', '{Petitioner.HasOtherEmploymentHistory} == true', 't', 'TEXT', NULL, NULL, NULL, NULL, NULL, 7, 120, 'Petitioner.Employer2.DateTo', 'f', NULL),
(121, '2025-08-13 16:32:35.419179-04', '2025-08-13 16:32:35.419179-04', NULL, 'Ethnicity', NULL, NULL, 't', 'SELECT_ONE', NULL, NULL, NULL, NULL, NULL, 8, 121, 'Petitioner.Ethnicity', 'f', NULL),
(122, '2025-08-13 16:32:35.419179-04', '2025-08-13 16:32:35.419179-04', NULL, 'Race', NULL, NULL, 't', 'SELECT_ONE', NULL, NULL, NULL, NULL, NULL, 8, 122, 'Petitioner.Race', 'f', NULL),
(123, '2025-08-13 16:32:35.419179-04', '2025-08-13 16:32:35.419179-04', NULL, 'Height feet', 'Pt3Line3_HeightFeet[0]', NULL, 't', 'TEXT', NULL, NULL, NULL, NULL, NULL, 8, 123, 'Petitioner.Height1', 'f', NULL),
(124, '2025-08-13 16:32:35.419179-04', '2025-08-13 16:32:35.419179-04', NULL, 'Height inches', 'Pt3Line3_HeightInches[0]', NULL, 't', 'TEXT', NULL, NULL, NULL, NULL, NULL, 8, 124, 'Petitioner.Height2', 'f', NULL),
(125, '2025-08-13 16:32:35.419179-04', '2025-08-13 16:32:35.419179-04', NULL, 'Weight 1', 'Pt3Line4_Pound1[0]', NULL, 't', 'NUMBER', NULL, NULL, NULL, NULL, NULL, 8, 125, 'Petitioner.Weight1', 'f', NULL),
(126, '2025-08-13 16:32:35.419179-04', '2025-08-13 16:32:35.419179-04', NULL, 'Weight 2', 'Pt3Line4_Pound2[0]', NULL, 't', 'NUMBER', NULL, NULL, NULL, NULL, NULL, 8, 126, 'Petitioner.Weight2', 'f', NULL),
(127, '2025-08-13 16:32:35.419179-04', '2025-08-13 16:32:35.419179-04', NULL, 'Weight 3', 'Pt3Line4_Pound3[0]', NULL, 't', 'NUMBER', NULL, NULL, NULL, NULL, NULL, 8, 127, 'Petitioner.Weight3', 'f', NULL),
(128, '2025-08-13 16:32:35.419179-04', '2025-08-13 16:32:35.419179-04', NULL, 'Eye color', NULL, NULL, 't', 'SELECT_ONE', NULL, NULL, NULL, NULL, NULL, 8, 128, 'Petitioner.EyeColor', 'f', NULL),
(129, '2025-08-13 16:32:35.419179-04', '2025-08-13 16:32:35.419179-04', NULL, 'Hair color', NULL, NULL, 't', 'SELECT_ONE', NULL, NULL, NULL, NULL, NULL, 8, 129, 'Petitioner.HairColor', 'f', NULL),
(130, '2025-08-13 16:32:35.419179-04', '2025-08-13 16:32:35.419179-04', NULL, 'Filed petition before', NULL, NULL, 't', 'SELECT_ONE', NULL, NULL, NULL, NULL, NULL, 8, 130, 'Petitioner.FiledPetitionBefore', 'f', NULL),
(131, '2025-08-13 16:32:35.419179-04', '2025-08-13 16:32:35.419179-04', NULL, 'Alien name family name', 'Pt5Line2a_FamilyName[0]', '{Petitioner.FiledPetitionBefore} == ''Yes''', 't', 'TEXT', NULL, NULL, NULL, NULL, NULL, 8, 131, 'Petitioner.FiledPetitionBefore.AlienName.FamilyName', 'f', NULL),
(132, '2025-08-13 16:32:35.419179-04', '2025-08-13 16:32:35.419179-04', NULL, 'Alien name given name', 'Pt5Line2b_GivenName[0]', '{Petitioner.FiledPetitionBefore} == ''Yes''', 't', 'TEXT', NULL, NULL, NULL, NULL, NULL, 8, 132, 'Petitioner.FiledPetitionBefore.AlienName.GivenName', 'f', NULL),
(133, '2025-08-13 16:32:35.419179-04', '2025-08-13 16:32:35.419179-04', NULL, 'Alien name middle name', 'Pt5Line2c_MiddleName[0]', '{Petitioner.FiledPetitionBefore} == ''Yes''', 't', 'TEXT', NULL, NULL, NULL, NULL, NULL, 8, 133, 'Petitioner.FiledPetitionBefore.AlienName.MiddleName', 'f', NULL),
(134, '2025-08-13 16:32:35.419179-04', '2025-08-13 16:32:35.419179-04', NULL, 'Address of filing city or town', 'Pt5Line3a_CityOrTown[0]', '{Petitioner.FiledPetitionBefore} == ''Yes''', 't', 'TEXT', NULL, NULL, NULL, NULL, NULL, 8, 134, 'Petitioner.FiledPetitionBefore.AddressOfFiling.CityOrTown', 'f', NULL),
(135, '2025-08-13 16:32:35.419179-04', '2025-08-13 16:32:35.419179-04', NULL, 'Address of filing state', 'Pt5Line3b_State[0]', '{Petitioner.FiledPetitionBefore} == ''Yes''', 't', 'TEXT', NULL, NULL, NULL, NULL, NULL, 8, 135, 'Petitioner.FiledPetitionBefore.AddressOfFiling.State', 'f', NULL),
(136, '2025-08-13 16:32:35.419179-04', '2025-08-13 16:32:35.419179-04', NULL, 'Date filed', 'Pt5Line4_DateFiled[0]', '{Petitioner.FiledPetitionBefore} == ''Yes''', 't', 'TEXT', NULL, NULL, NULL, NULL, NULL, 8, 136, 'Petitioner.FiledPetitionBefore.DateFiled', 'f', NULL),
(137, '2025-08-13 16:32:35.419179-04', '2025-08-13 16:32:35.419179-04', NULL, 'Result', 'Pt5Line5_Result[0]', '{Petitioner.FiledPetitionBefore} == ''Yes''', 't', 'TEXT', NULL, NULL, NULL, NULL, NULL, 8, 137, 'Petitioner.FiledPetitionBefore.Result', 'f', NULL),
(138, '2025-08-13 16:32:35.419179-04', '2025-08-13 16:32:35.419179-04', NULL, 'Has other relatives filing for', NULL, NULL, 'f', 'NUMBER', NULL, NULL, NULL, NULL, NULL, 8, 138, 'Petitioner.HasOtherRelativesFilingFor', 'f', NULL),
(139, '2025-08-13 16:32:35.419179-04', '2025-08-13 16:32:35.419179-04', NULL, 'Relative 1 family name', 'Pt4Line6a_FamilyName[0]', '{HasOtherRelativesFilingFor} >= 1', 't', 'TEXT', NULL, NULL, NULL, NULL, NULL, 8, 139, 'Petitioner.OtherRelativesFilingFor1.RelativeName.FamilyName', 'f', NULL),
(140, '2025-08-13 16:32:35.419179-04', '2025-08-13 16:32:35.419179-04', NULL, 'Relative 1 given name', 'Pt4Line6b_GivenName[0]', '{HasOtherRelativesFilingFor} >= 1', 't', 'TEXT', NULL, NULL, NULL, NULL, NULL, 8, 140, 'Petitioner.OtherRelativesFilingFor1.RelativeName.GivenName', 'f', NULL),
(141, '2025-08-13 16:32:35.419179-04', '2025-08-13 16:32:35.419179-04', NULL, 'Relative 1 middle name', 'Pt4Line6c_MiddleName[0]', '{HasOtherRelativesFilingFor} >= 1', 't', 'TEXT', NULL, NULL, NULL, NULL, NULL, 8, 141, 'Petitioner.OtherRelativesFilingFor1.RelativeName.MiddleName', 'f', NULL),
(142, '2025-08-13 16:32:35.419179-04', '2025-08-13 16:32:35.419179-04', NULL, 'Relative 1 relationship', 'Pt4Line7_Relationship[0]', '{HasOtherRelativesFilingFor} >= 1', 't', 'TEXT', NULL, NULL, NULL, NULL, NULL, 8, 142, 'Petitioner.OtherRelativesFilingFor1.Relationship', 'f', NULL),
(143, '2025-08-13 16:32:35.419179-04', '2025-08-13 16:32:35.419179-04', NULL, 'Relative 2 family name', 'Pt4Line8a_FamilyName[0]', '{HasOtherRelativesFilingFor} > 1', 't', 'TEXT', NULL, NULL, NULL, NULL, NULL, 8, 143, 'Petitioner.OtherRelativesFilingFor2.RelativeName.FamilyName', 'f', NULL),
(144, '2025-08-13 16:32:35.419179-04', '2025-08-13 16:32:35.419179-04', NULL, 'Relative 2 given name', 'Pt4Line8b_GivenName[0]', '{HasOtherRelativesFilingFor} > 1', 't', 'TEXT', NULL, NULL, NULL, NULL, NULL, 8, 144, 'Petitioner.OtherRelativesFilingFor2.RelativeName.GivenName', 'f', NULL),
(145, '2025-08-13 16:32:35.419179-04', '2025-08-13 16:32:35.419179-04', NULL, 'Relative 2 middle name', 'Pt4Line8c_MiddleName[0]', '{HasOtherRelativesFilingFor} > 1', 't', 'TEXT', NULL, NULL, NULL, NULL, NULL, 8, 145, 'Petitioner.OtherRelativesFilingFor2.RelativeName.MiddleName', 'f', NULL),
(146, '2025-08-13 16:32:35.419179-04', '2025-08-13 16:32:35.419179-04', NULL, 'Relative 2 relationship', 'Pt4Line9_Relationship[0]', '{HasOtherRelativesFilingFor} > 1', 't', 'TEXT', NULL, NULL, NULL, NULL, NULL, 8, 146, 'Petitioner.OtherRelativesFilingFor2.Relationship', 'f', NULL),
(147, '2025-08-13 16:32:35.419179-04', '2025-08-13 16:32:35.419179-04', NULL, 'Alien registration number', 'Pt4Line1_AlienNumber[0]', NULL, 't', 'TEXT', NULL, NULL, NULL, NULL, NULL, 9, 147, 'Beneficiary.Information.AlienRegistrationNumber', 'f', NULL),
(148, '2025-08-13 16:32:35.419179-04', '2025-08-13 16:32:35.419179-04', NULL, 'USCIS account number', 'Pt4Line2_USCISOnlineActNumber[0]', NULL, 't', 'TEXT', NULL, NULL, NULL, NULL, NULL, 9, 148, 'Beneficiary.Information.USCISAccountNumber', 'f', NULL),
(149, '2025-08-13 16:32:35.419179-04', '2025-08-13 16:32:35.419179-04', NULL, 'Social security number', 'Pt4Line3_SSN[0]', NULL, 't', 'TEXT', NULL, NULL, NULL, NULL, NULL, 9, 149, 'Beneficiary.Information.SocialSecurityNumber', 'f', NULL),
(150, '2025-08-13 16:32:35.419179-04', '2025-08-13 16:32:35.419179-04', NULL, 'Family name', 'Pt4Line4a_FamilyName[0]', NULL, 't', 'TEXT', NULL, NULL, NULL, NULL, NULL, 9, 150, 'Beneficiary.Name.FamilyName', 'f', NULL),
(151, '2025-08-13 16:32:35.419179-04', '2025-08-13 16:32:35.419179-04', NULL, 'Given name', 'Pt4Line4b_GivenName[0]', NULL, 't', 'TEXT', NULL, NULL, NULL, NULL, NULL, 9, 151, 'Beneficiary.Name.GivenName', 'f', NULL),
(152, '2025-08-13 16:32:35.419179-04', '2025-08-13 16:32:35.419179-04', NULL, 'Middle name', 'Pt4Line4c_MiddleName[0]', NULL, 't', 'TEXT', NULL, NULL, NULL, NULL, NULL, 9, 152, 'Beneficiary.Name.MiddleName', 'f', NULL),
(153, '2025-08-13 16:32:35.419179-04', '2025-08-13 16:32:35.419179-04', NULL, 'Has other name', NULL, NULL, 'f', 'BOOLEAN', NULL, NULL, NULL, NULL, NULL, 9, 153, 'Beneficiary.HasOtherName', 'f', NULL),
(154, '2025-08-13 16:32:35.419179-04', '2025-08-13 16:32:35.419179-04', NULL, 'Other family name', 'P4Line5a_FamilyName[0]', '{Beneficiary.HasOtherName} = true', 't', 'TEXT', NULL, NULL, NULL, NULL, NULL, 9, 154, 'Beneficiary.OtherName.FamilyName', 'f', NULL),
(155, '2025-08-13 16:32:35.419179-04', '2025-08-13 16:32:35.419179-04', NULL, 'Other given name', 'Pt4Line5b_GivenName[0]', '{Beneficiary.HasOtherName} = true', 't', 'TEXT', NULL, NULL, NULL, NULL, NULL, 9, 155, 'Beneficiary.OtherName.GivenName', 'f', NULL),
(156, '2025-08-13 16:32:35.419179-04', '2025-08-13 16:32:35.419179-04', NULL, 'Other middle name', 'Pt4Line5c_MiddleName[0]', '{Beneficiary.HasOtherName} = true', 't', 'TEXT', NULL, NULL, NULL, NULL, NULL, 9, 156, 'Beneficiary.OtherName.MiddleName', 'f', NULL),
(157, '2025-08-13 16:32:35.419179-04', '2025-08-13 16:32:35.419179-04', NULL, 'City or town of birth', 'Pt4Line7_CityTownOfBirth[0]', '{Beneficiary.HasOtherName} = true', 't', 'TEXT', NULL, NULL, NULL, NULL, NULL, 9, 157, 'Beneficiary.BirthPlace.CityOrTown', 'f', NULL),
(158, '2025-08-13 16:32:35.419179-04', '2025-08-13 16:32:35.419179-04', NULL, 'Country of birth', 'Pt4Line8_CountryOfBirth[0]', '{Beneficiary.HasOtherName} = true', 't', 'TEXT', NULL, NULL, NULL, NULL, NULL, 9, 158, 'Beneficiary.BirthPlace.Country', 'f', NULL),
(159, '2025-08-13 16:32:35.419179-04', '2025-08-13 16:32:35.419179-04', NULL, 'Date of birth', 'Pt4Line9_DateOfBirth[0]', '{Beneficiary.HasOtherName} = true', 't', 'TEXT', NULL, NULL, NULL, NULL, NULL, 9, 159, 'Beneficiary.DoB', 'f', NULL),
(160, '2025-08-13 16:32:35.419179-04', '2025-08-13 16:32:35.419179-04', NULL, 'Sex', NULL, NULL, 't', 'SELECT_ONE', NULL, NULL, NULL, NULL, NULL, 9, 160, 'Beneficiary.Sex', 'f', NULL),
(161, '2025-08-13 16:32:35.419179-04', '2025-08-13 16:32:35.419179-04', NULL, 'Filed for before', NULL, NULL, 't', 'SELECT_ONE', NULL, NULL, NULL, NULL, NULL, 9, 161, 'Beneficiary.FiledForBefore', 'f', NULL),
(162, '2025-08-13 16:32:35.419179-04', '2025-08-13 16:32:35.419179-04', NULL, 'Street number and name', 'Pt4Line11_StreetNumberName[0]', NULL, 't', 'TEXT', NULL, NULL, NULL, NULL, NULL, 10, 162, 'Beneficiary.PhysicalAddress.StreetNumberName', 'f', NULL),
(163, '2025-08-13 16:32:35.419179-04', '2025-08-13 16:32:35.419179-04', NULL, 'Secondary address line', NULL, NULL, 't', 'SELECT_ONE', NULL, NULL, NULL, NULL, NULL, 10, 163, 'Beneficiary.PhysicalAddress.SecondaryAddressLine', 'f', NULL),
(164, '2025-08-13 16:32:35.419179-04', '2025-08-13 16:32:35.419179-04', NULL, 'Apt ste flr number', 'Pt4Line11_AptSteFlrNumber[0]', NULL, 't', 'TEXT', NULL, NULL, NULL, NULL, NULL, 10, 164, 'Beneficiary.PhysicalAddress.SecondaryAddressLine.Detail', 'f', NULL),
(165, '2025-08-13 16:32:35.419179-04', '2025-08-13 16:32:35.419179-04', NULL, 'City or town', 'Pt4Line11_CityOrTown[0]', NULL, 't', 'TEXT', NULL, NULL, NULL, NULL, NULL, 10, 165, 'Beneficiary.PhysicalAddress.CityOrTown', 'f', NULL),
(166, '2025-08-13 16:32:35.419179-04', '2025-08-13 16:32:35.419179-04', NULL, 'State', 'Pt4Line11_State[0]', NULL, 't', 'TEXT', NULL, NULL, NULL, NULL, NULL, 10, 166, 'Beneficiary.PhysicalAddress.State', 'f', NULL),
(167, '2025-08-13 16:32:35.419179-04', '2025-08-13 16:32:35.419179-04', NULL, 'Zip code', 'Pt4Line11_ZipCode[0]', NULL, 't', 'TEXT', NULL, NULL, NULL, NULL, NULL, 10, 167, 'Beneficiary.PhysicalAddress.ZipCode', 'f', NULL),
(168, '2025-08-13 16:32:35.419179-04', '2025-08-13 16:32:35.419179-04', NULL, 'Province', 'Pt4Line11_Province[0]', NULL, 't', 'TEXT', NULL, NULL, NULL, NULL, NULL, 10, 168, 'Beneficiary.PhysicalAddress.Province', 'f', NULL),
(169, '2025-08-13 16:32:35.419179-04', '2025-08-13 16:32:35.419179-04', NULL, 'Postal code', 'Pt4Line11_PostalCode[0]', NULL, 't', 'TEXT', NULL, NULL, NULL, NULL, NULL, 10, 169, 'Beneficiary.PhysicalAddress.PostalCode', 'f', NULL),
(170, '2025-08-13 16:32:35.419179-04', '2025-08-13 16:32:35.419179-04', NULL, 'Country', 'Pt4Line11_Country[0]', NULL, 't', 'TEXT', NULL, NULL, NULL, NULL, NULL, 10, 170, 'Beneficiary.PhysicalAddress.Country', 'f', NULL),
(171, '2025-08-13 16:32:35.419179-04', '2025-08-13 16:32:35.419179-04', NULL, 'Intend address same', NULL, NULL, 'f', 'BOOLEAN', NULL, NULL, NULL, NULL, NULL, 10, 171, 'Beneficiary.IntendAddressSame', 'f', NULL),
(172, '2025-08-13 16:32:35.419179-04', '2025-08-13 16:32:35.419179-04', NULL, 'Intended address street number and name', 'Pt4Line12a_StreetNumberName[0]', '{Beneficiary.IntendAddressSame} != true', 't', 'TEXT', NULL, NULL, NULL, NULL, NULL, 10, 172, 'Beneficiary.IntendedAddress.StreetNumberName', 'f', NULL),
(173, '2025-08-13 16:32:35.419179-04', '2025-08-13 16:32:35.419179-04', NULL, 'Intended address secondary address line', NULL, '{Beneficiary.IntendAddressSame} != true', 't', 'SELECT_ONE', NULL, NULL, NULL, NULL, NULL, 10, 173, 'Beneficiary.IntendedAddress.SecondaryAddressLine', 'f', NULL),
(174, '2025-08-13 16:32:35.419179-04', '2025-08-13 16:32:35.419179-04', NULL, 'Intended address apt ste flr number', 'Pt4Line12b_AptSteFlrNumber[0]', '{Beneficiary.IntendAddressSame} != true', 't', 'TEXT', NULL, NULL, NULL, NULL, NULL, 10, 174, 'Beneficiary.IntendedAddress.SecondaryAddressLine.Detail', 'f', NULL),
(175, '2025-08-13 16:32:35.419179-04', '2025-08-13 16:32:35.419179-04', NULL, 'Intended address city or town', 'Pt4Line12c_CityOrTown[0]', '{Beneficiary.IntendAddressSame} != true', 't', 'TEXT', NULL, NULL, NULL, NULL, NULL, 10, 175, 'Beneficiary.IntendedAddress.CityOrTown', 'f', NULL),
(176, '2025-08-13 16:32:35.419179-04', '2025-08-13 16:32:35.419179-04', NULL, 'Intended address state', 'Pt4Line12d_State[0]', '{Beneficiary.IntendAddressSame} != true', 't', 'TEXT', NULL, NULL, NULL, NULL, NULL, 10, 176, 'Beneficiary.IntendedAddress.State', 'f', NULL),
(177, '2025-08-13 16:32:35.419179-04', '2025-08-13 16:32:35.419179-04', NULL, 'Intended address zip code', 'Pt4Line12e_ZipCode[0]', '{Beneficiary.IntendAddressSame} != true', 't', 'TEXT', NULL, NULL, NULL, NULL, NULL, 10, 177, 'Beneficiary.IntendedAddress.ZipCode', 'f', NULL),
(178, '2025-08-13 16:32:35.419179-04', '2025-08-13 16:32:35.419179-04', NULL, 'Other address secondary address line', NULL, NULL, 't', 'SELECT_ONE', NULL, NULL, NULL, NULL, NULL, 10, 178, 'Beneficiary.OtherAddress.SecondaryAddressLine', 'f', NULL),
(179, '2025-08-13 16:32:35.419179-04', '2025-08-13 16:32:35.419179-04', NULL, 'Other address apt ste flr number', 'Pt4Line13_AptSteFlrNumber[0]', NULL, 't', 'TEXT', NULL, NULL, NULL, NULL, NULL, 10, 179, 'Beneficiary.OtherAddress.SecondaryAddressLine.Detail', 'f', NULL),
(180, '2025-08-13 16:32:35.419179-04', '2025-08-13 16:32:35.419179-04', NULL, 'Other address street number and name', 'Pt4Line13_StreetNumberName[0]', NULL, 't', 'TEXT', NULL, NULL, NULL, NULL, NULL, 10, 180, 'Beneficiary.OtherAddress.StreetNumberName', 'f', NULL),
(181, '2025-08-13 16:32:35.419179-04', '2025-08-13 16:32:35.419179-04', NULL, 'Other address city or town', 'Pt4Line13_CityOrTown[0]', NULL, 't', 'TEXT', NULL, NULL, NULL, NULL, NULL, 10, 181, 'Beneficiary.OtherAddress.CityOrTown', 'f', NULL),
(182, '2025-08-13 16:32:35.419179-04', '2025-08-13 16:32:35.419179-04', NULL, 'Other address province', 'Pt4Line13_Province[0]', NULL, 't', 'TEXT', NULL, NULL, NULL, NULL, NULL, 10, 182, 'Beneficiary.OtherAddress.Province', 'f', NULL),
(183, '2025-08-13 16:32:35.419179-04', '2025-08-13 16:32:35.419179-04', NULL, 'Other address postal code', 'Pt4Line13_PostalCode[0]', NULL, 't', 'TEXT', NULL, NULL, NULL, NULL, NULL, 10, 183, 'Beneficiary.OtherAddress.PostalCode', 'f', NULL),
(184, '2025-08-13 16:32:35.419179-04', '2025-08-13 16:32:35.419179-04', NULL, 'Other address country', 'Pt4Line13_Country[0]', NULL, 't', 'TEXT', NULL, NULL, NULL, NULL, NULL, 10, 184, 'Beneficiary.OtherAddress.Country', 'f', NULL),
(185, '2025-08-13 16:32:35.419179-04', '2025-08-13 16:32:35.419179-04', NULL, 'Daytime phone number', 'Pt4Line14_DaytimePhoneNumber[0]', NULL, 't', 'TEXT', NULL, NULL, NULL, NULL, NULL, 10, 185, 'Beneficiary.ContactInfo.DayTime', 'f', NULL),
(186, '2025-08-13 16:32:35.419179-04', '2025-08-13 16:32:35.419179-04', NULL, 'Mobile phone number', 'Pt4Line15_MobilePhoneNumber[0]', NULL, 't', 'TEXT', NULL, NULL, NULL, NULL, NULL, 10, 186, 'Beneficiary.ContactInfo.MobileNumber', 'f', NULL),
(187, '2025-08-13 16:32:35.419179-04', '2025-08-13 16:32:35.419179-04', NULL, 'Email address', 'Pt4Line16_EmailAddress[0]', NULL, 't', 'TEXT', NULL, NULL, NULL, NULL, NULL, 10, 187, 'Beneficiary.ContactInfo.Email', 'f', NULL),
(188, '2025-08-13 16:32:35.419179-04', '2025-08-13 16:32:35.419179-04', NULL, 'Times married', 'Pt4Line17_NumberofMarriages[0]', NULL, 't', 'NUMBER', NULL, NULL, NULL, NULL, NULL, 11, 188, 'Beneficiary.MaritalInfo.TimesMarried', 'f', NULL),
(189, '2025-08-13 16:32:35.419179-04', '2025-08-13 16:32:35.419179-04', NULL, 'Marital status', NULL, '{Beneficiary.MaritalInfo.TimesMarried}>=1', 't', 'SELECT_ONE', NULL, NULL, NULL, NULL, NULL, 11, 189, 'Beneficiary.MaritalInfo.MaritalStatus', 'f', NULL),
(190, '2025-08-13 16:32:35.419179-04', '2025-08-13 16:32:35.419179-04', NULL, 'Date of current marriage', 'Pt4Line19_DateOfMarriage[0]', '{Beneficiary.MaritalInfo.MaritalStatus} == ''Married''', 't', 'TEXT', NULL, NULL, NULL, NULL, NULL, 11, 190, 'Beneficiary.MaritalInfo.DateOfCurrentMarriage', 'f', NULL),
(191, '2025-08-13 16:32:35.419179-04', '2025-08-13 16:32:35.419179-04', NULL, 'Place of current marriage city or town', 'Pt4Line20a_CityTown[0]', '{Beneficiary.MaritalInfo.MaritalStatus} == ''Married''', 't', 'TEXT', NULL, NULL, NULL, NULL, NULL, 11, 191, 'Beneficiary.MaritalInfo.PlaceOfCurrentMarriage.CityOrTown', 'f', NULL),
(192, '2025-08-13 16:32:35.419179-04', '2025-08-13 16:32:35.419179-04', NULL, 'Place of current marriage state', 'Pt4Line20b_State[0]', '{Beneficiary.MaritalInfo.MaritalStatus} == ''Married''', 't', 'TEXT', NULL, NULL, NULL, NULL, NULL, 11, 192, 'Beneficiary.MaritalInfo.PlaceOfCurrentMarriage.State', 'f', NULL),
(193, '2025-08-13 16:32:35.419179-04', '2025-08-13 16:32:35.419179-04', NULL, 'Place of current marriage province', 'Pt4Line20c_Province[0]', '{Beneficiary.MaritalInfo.MaritalStatus} == ''Married''', 't', 'TEXT', NULL, NULL, NULL, NULL, NULL, 11, 193, 'Beneficiary.MaritalInfo.PlaceOfCurrentMarriage.Province', 'f', NULL),
(194, '2025-08-13 16:32:35.419179-04', '2025-08-13 16:32:35.419179-04', NULL, 'Place of current marriage country', 'Pt4Line20d_Country[0]', '{Beneficiary.MaritalInfo.MaritalStatus} == ''Married''', 't', 'TEXT', NULL, NULL, NULL, NULL, NULL, 11, 194, 'Beneficiary.MaritalInfo.PlaceOfCurrentMarriage.Country', 'f', NULL),
(195, '2025-08-13 16:32:35.419179-04', '2025-08-13 16:32:35.419179-04', NULL, 'Spouse 1 family name', 'Pt4Line16a_FamilyName[0]', '{Beneficiary.MaritalInfo.TimesMarried} >= 1', 't', 'TEXT', NULL, NULL, NULL, NULL, NULL, 11, 195, 'Beneficiary.MaritalInfo.Spouse1.Name.FamilyName', 'f', NULL),
(196, '2025-08-13 16:32:35.419179-04', '2025-08-13 16:32:35.419179-04', NULL, 'Spouse 1 given name', 'Pt4Line16b_GivenName[0]', '{Beneficiary.MaritalInfo.TimesMarried} >= 1', 't', 'TEXT', NULL, NULL, NULL, NULL, NULL, 11, 196, 'Beneficiary.MaritalInfo.Spouse1.Name.GivenName', 'f', NULL),
(197, '2025-08-13 16:32:35.419179-04', '2025-08-13 16:32:35.419179-04', NULL, 'Spouse 1 middle name', 'Pt4Line16c_MiddleName[0]', '{Beneficiary.MaritalInfo.TimesMarried} >= 1', 't', 'TEXT', NULL, NULL, NULL, NULL, NULL, 11, 197, 'Beneficiary.MaritalInfo.Spouse1.Name.MiddleName', 'f', NULL),
(198, '2025-08-13 16:32:35.419179-04', '2025-08-13 16:32:35.419179-04', NULL, 'Spouse 2 date marriage ended', 'Pt4Line17_DateMarriageEnded[0]', '{Beneficiary.MaritalInfo.TimesMarried} > 1 || ({Beneficiary.MaritalInfo.TimesMarried} == 1 && {Beneficiary.MaritalInfo.MaritalStatus} != ''Married'')', 't', 'TEXT', NULL, NULL, NULL, NULL, NULL, 11, 198, 'Beneficiary.MaritalInfo.Spouse2.DateMarriageEnded', 'f', NULL),
(199, '2025-08-13 16:32:35.419179-04', '2025-08-13 16:32:35.419179-04', NULL, 'Spouse 2 family name', 'Pt4Line18a_FamilyName[0]', '{Beneficiary.MaritalInfo.TimesMarried} > 1', 't', 'TEXT', NULL, NULL, NULL, NULL, NULL, 11, 199, 'Beneficiary.MaritalInfo.Spouse2.Name.FamilyName', 'f', NULL),
(200, '2025-08-13 16:32:35.419179-04', '2025-08-13 16:32:35.419179-04', NULL, 'Spouse 2 given name', 'Pt4Line18b_GivenName[0]', '{Beneficiary.MaritalInfo.TimesMarried} > 1', 't', 'TEXT', NULL, NULL, NULL, NULL, NULL, 11, 200, 'Beneficiary.MaritalInfo.Spouse2.Name.GivenName', 'f', NULL),
(201, '2025-08-13 16:32:35.419179-04', '2025-08-13 16:32:35.419179-04', NULL, 'Spouse 2 middle name', 'Pt4Line18c_MiddleName[0]', '{Beneficiary.MaritalInfo.TimesMarried} > 1', 't', 'TEXT', NULL, NULL, NULL, NULL, NULL, 11, 201, 'Beneficiary.MaritalInfo.Spouse2.Name.MiddleName', 'f', NULL),
(202, '2025-08-13 16:32:35.419179-04', '2025-08-13 16:32:35.419179-04', NULL, 'Spouse 2 date marriage ended', 'Pt4Line17_DateMarriageEnded[1]', '{Beneficiary.MaritalInfo.TimesMarried} > 1', 't', 'TEXT', NULL, NULL, NULL, NULL, NULL, 11, 202, 'Beneficiary.MaritalInfo.Spouse2.DateMarriageEnded', 'f', NULL),
(203, '2025-08-13 16:32:35.419179-04', '2025-08-13 16:32:35.419179-04', NULL, 'Family member', NULL, NULL, 'f', 'BOOLEAN', NULL, NULL, NULL, NULL, NULL, 12, 203, 'Beneficiary.FamilyMember', 'f', NULL),
(204, '2025-08-13 16:32:35.419179-04', '2025-08-13 16:32:35.419179-04', NULL, 'Member 1 relationship', 'Pt4Line31_Relationship[0]', '{Beneficiary.FamilyMembers} >= 1', 't', 'TEXT', NULL, NULL, NULL, NULL, NULL, 12, 204, 'Beneficiary.Family.Member1.Relationship', 'f', NULL),
(205, '2025-08-13 16:32:35.419179-04', '2025-08-13 16:32:35.419179-04', NULL, 'Member 1 family name', 'Pt4Line30a_FamilyName[0]', '{Beneficiary.FamilyMembers} >= 1', 't', 'TEXT', NULL, NULL, NULL, NULL, NULL, 12, 205, 'Beneficiary.Family.Member1.Name.FamilyName', 'f', NULL),
(206, '2025-08-13 16:32:35.419179-04', '2025-08-13 16:32:35.419179-04', NULL, 'Member 1 given name', 'Pt4Line30b_GivenName[0]', '{Beneficiary.FamilyMembers} >= 1', 't', 'TEXT', NULL, NULL, NULL, NULL, NULL, 12, 206, 'Beneficiary.Family.Member1.Name.GivenName', 'f', NULL),
(207, '2025-08-13 16:32:35.419179-04', '2025-08-13 16:32:35.419179-04', NULL, 'Member 1 middle name', 'Pt4Line30c_MiddleName[0]', '{Beneficiary.FamilyMembers} >= 1', 't', 'TEXT', NULL, NULL, NULL, NULL, NULL, 12, 207, 'Beneficiary.Family.Member1.Name.MiddleName', 'f', NULL),
(208, '2025-08-13 16:32:35.419179-04', '2025-08-13 16:32:35.419179-04', NULL, 'Member 1 date of birth', 'Pt4Line32_DateOfBirth[0]', '{Beneficiary.FamilyMembers} >= 1', 't', 'TEXT', NULL, NULL, NULL, NULL, NULL, 12, 208, 'Beneficiary.Family.Member1.DoB', 'f', NULL),
(209, '2025-08-13 16:32:35.419179-04', '2025-08-13 16:32:35.419179-04', NULL, 'Member 1 country of birth', 'Pt4Line49_CountryOfBirth[0]', '{Beneficiary.FamilyMembers} >= 1', 't', 'TEXT', NULL, NULL, NULL, NULL, NULL, 12, 209, 'Beneficiary.Family.Member1.CountryOfBirth', 'f', NULL),
(210, '2025-08-13 16:32:35.419179-04', '2025-08-13 16:32:35.419179-04', NULL, 'Member 2 relationship', 'Pt4Line35_Relationship[0]', '{Beneficiary.FamilyMembers} >= 2', 't', 'TEXT', NULL, NULL, NULL, NULL, NULL, 12, 210, 'Beneficiary.Family.Member2.Relationship', 'f', NULL),
(211, '2025-08-13 16:32:35.419179-04', '2025-08-13 16:32:35.419179-04', NULL, 'Member 2 family name', 'Pt4Line34a_FamilyName[0]', '{Beneficiary.FamilyMembers} >= 2', 't', 'TEXT', NULL, NULL, NULL, NULL, NULL, 12, 211, 'Beneficiary.Family.Member2.Name.FamilyName', 'f', NULL),
(212, '2025-08-13 16:32:35.419179-04', '2025-08-13 16:32:35.419179-04', NULL, 'Member 2 given name', 'Pt4Line34b_GivenName[0]', '{Beneficiary.FamilyMembers} >= 2', 't', 'TEXT', NULL, NULL, NULL, NULL, NULL, 12, 212, 'Beneficiary.Family.Member2.Name.GivenName', 'f', NULL),
(213, '2025-08-13 16:32:35.419179-04', '2025-08-13 16:32:35.419179-04', NULL, 'Member 2 middle name', 'Pt4Line34c_MiddleName[0]', '{Beneficiary.FamilyMembers} >= 2', 't', 'TEXT', NULL, NULL, NULL, NULL, NULL, 12, 213, 'Beneficiary.Family.Member2.Name.MiddleName', 'f', NULL),
(214, '2025-08-13 16:32:35.419179-04', '2025-08-13 16:32:35.419179-04', NULL, 'Member 2 date of birth', 'Pt4Line36_DateOfBirth[0]', '{Beneficiary.FamilyMembers} >= 2', 't', 'TEXT', NULL, NULL, NULL, NULL, NULL, 12, 214, 'Beneficiary.Family.Member2.DoB', 'f', NULL),
(215, '2025-08-13 16:32:35.419179-04', '2025-08-13 16:32:35.419179-04', NULL, 'Member 2 country of birth', 'Pt4Line37_CountryOfBirth[0]', '{Beneficiary.FamilyMembers} >= 2', 't', 'TEXT', NULL, NULL, NULL, NULL, NULL, 12, 215, 'Beneficiary.Family.Member2.CountryOfBirth', 'f', NULL),
(216, '2025-08-13 16:32:35.419179-04', '2025-08-13 16:32:35.419179-04', NULL, 'Member 3 relationship', 'Pt4Line39_Relationship[0]', '{Beneficiary.FamilyMembers} >= 3', 't', 'TEXT', NULL, NULL, NULL, NULL, NULL, 12, 216, 'Beneficiary.Family.Member3.Relationship', 'f', NULL),
(217, '2025-08-13 16:32:35.419179-04', '2025-08-13 16:32:35.419179-04', NULL, 'Member 3 family name', 'Pt4Line38a_FamilyName[0]', '{Beneficiary.FamilyMembers} >= 3', 't', 'TEXT', NULL, NULL, NULL, NULL, NULL, 12, 217, 'Beneficiary.Family.Member3.Name.FamilyName', 'f', NULL),
(218, '2025-08-13 16:32:35.419179-04', '2025-08-13 16:32:35.419179-04', NULL, 'Member 3 given name', 'Pt4Line38b_GivenName[0]', '{Beneficiary.FamilyMembers} >= 3', 't', 'TEXT', NULL, NULL, NULL, NULL, NULL, 12, 218, 'Beneficiary.Family.Member3.Name.GivenName', 'f', NULL),
(219, '2025-08-13 16:32:35.419179-04', '2025-08-13 16:32:35.419179-04', NULL, 'Member 3 middle name', 'Pt4Line38c_MiddleName[0]', '{Beneficiary.FamilyMembers} >= 3', 't', 'TEXT', NULL, NULL, NULL, NULL, NULL, 12, 219, 'Beneficiary.Family.Member3.Name.MiddleName', 'f', NULL),
(220, '2025-08-13 16:32:35.419179-04', '2025-08-13 16:32:35.419179-04', NULL, 'Member 3 date of birth', 'Pt4Line40_DateOfBirth[0]', '{Beneficiary.FamilyMembers} >= 3', 't', 'TEXT', NULL, NULL, NULL, NULL, NULL, 12, 220, 'Beneficiary.Family.Member3.DoB', 'f', NULL),
(221, '2025-08-13 16:32:35.419179-04', '2025-08-13 16:32:35.419179-04', NULL, 'Member 3 country of birth', 'Pt4Line41_CountryOfBirth[0]', '{Beneficiary.FamilyMembers} >= 3', 't', 'TEXT', NULL, NULL, NULL, NULL, NULL, 12, 221, 'Beneficiary.Family.Member3.CountryOfBirth', 'f', NULL),
(222, '2025-08-13 16:32:35.419179-04', '2025-08-13 16:32:35.419179-04', NULL, 'Member 4 relationship', 'Pt4Line43_Relationship[0]', '{Beneficiary.FamilyMembers} >= 4', 't', 'TEXT', NULL, NULL, NULL, NULL, NULL, 12, 222, 'Beneficiary.Family.Member4.Relationship', 'f', NULL),
(223, '2025-08-13 16:32:35.419179-04', '2025-08-13 16:32:35.419179-04', NULL, 'Member 4 family name', 'Pt4Line42a_FamilyName[0]', '{Beneficiary.FamilyMembers} >= 4', 't', 'TEXT', NULL, NULL, NULL, NULL, NULL, 12, 223, 'Beneficiary.Family.Member4.Name.FamilyName', 'f', NULL),
(224, '2025-08-13 16:32:35.419179-04', '2025-08-13 16:32:35.419179-04', NULL, 'Member 4 given name', 'Pt4Line42b_GivenName[0]', '{Beneficiary.FamilyMembers} >= 4', 't', 'TEXT', NULL, NULL, NULL, NULL, NULL, 12, 224, 'Beneficiary.Family.Member4.Name.GivenName', 'f', NULL),
(225, '2025-08-13 16:32:35.419179-04', '2025-08-13 16:32:35.419179-04', NULL, 'Member 4 middle name', 'Pt4Line42c_MiddleName[0]', '{Beneficiary.FamilyMembers} >= 4', 't', 'TEXT', NULL, NULL, NULL, NULL, NULL, 12, 225, 'Beneficiary.Family.Member4.Name.MiddleName', 'f', NULL),
(226, '2025-08-13 16:32:35.419179-04', '2025-08-13 16:32:35.419179-04', NULL, 'Member 4 date of birth', 'Pt4Line44_DateOfBirth[0]', '{Beneficiary.FamilyMembers} >= 4', 't', 'TEXT', NULL, NULL, NULL, NULL, NULL, 12, 226, 'Beneficiary.Family.Member4.DoB', 'f', NULL),
(227, '2025-08-13 16:32:35.419179-04', '2025-08-13 16:32:35.419179-04', NULL, 'Member 4 country of birth', 'Pt4Line45_CountryOfBirth[0]', '{Beneficiary.FamilyMembers} >= 4', 't', 'TEXT', NULL, NULL, NULL, NULL, NULL, 12, 227, 'Beneficiary.Family.Member4.CountryOfBirth', 'f', NULL),
(228, '2025-08-13 16:32:35.419179-04', '2025-08-13 16:32:35.419179-04', NULL, 'Member 5 family name', 'Pt4Line46a_FamilyName[0]', '{Beneficiary.FamilyMembers} >= 5', 't', 'TEXT', NULL, NULL, NULL, NULL, NULL, 12, 228, 'Beneficiary.Family.Member5.Name.FamilyName', 'f', NULL),
(229, '2025-08-13 16:32:35.419179-04', '2025-08-13 16:32:35.419179-04', NULL, 'Member 5 given name', 'Pt4Line46b_GivenName[0]', '{Beneficiary.FamilyMembers} >= 5', 't', 'TEXT', NULL, NULL, NULL, NULL, NULL, 12, 229, 'Beneficiary.Family.Member5.Name.GivenName', 'f', NULL),
(230, '2025-08-13 16:32:35.419179-04', '2025-08-13 16:32:35.419179-04', NULL, 'Member 5 middle name', 'Pt4Line46c_MiddleName[0]', '{Beneficiary.FamilyMembers} >= 5', 't', 'TEXT', NULL, NULL, NULL, NULL, NULL, 12, 230, 'Beneficiary.Family.Member5.Name.MiddleName', 'f', NULL),
(231, '2025-08-13 16:32:35.419179-04', '2025-08-13 16:32:35.419179-04', NULL, 'Member 5 relationship', 'Pt4Line47_Relationship[0]', '{Beneficiary.FamilyMembers} >= 5', 't', 'TEXT', NULL, NULL, NULL, NULL, NULL, 12, 231, 'Beneficiary.Family.Member5.Relationship', 'f', NULL),
(232, '2025-08-13 16:32:35.419179-04', '2025-08-13 16:32:35.419179-04', NULL, 'Member 5 date of birth', 'Pt4Line48_DateOfBirth[0]', '{Beneficiary.FamilyMembers} >= 5', 't', 'TEXT', NULL, NULL, NULL, NULL, NULL, 12, 232, 'Beneficiary.Family.Member5.DoB', 'f', NULL),
(233, '2025-08-13 16:32:35.419179-04', '2025-08-13 16:32:35.419179-04', NULL, 'Member 5 country of birth', 'Pt4Line49_CountryOfBirth[1]', '{Beneficiary.FamilyMembers} >= 5', 't', 'TEXT', NULL, NULL, NULL, NULL, NULL, 12, 233, 'Beneficiary.Family.Member5.CountryOfBirth', 'f', NULL),
(234, '2025-08-13 16:32:35.419179-04', '2025-08-13 16:32:35.419179-04', NULL, 'Beneficiary ever in US', NULL, NULL, 't', 'SELECT_ONE', NULL, NULL, NULL, NULL, NULL, 13, 234, 'Beneficiary.BeneficiaryEverInUS', 'f', NULL),
(235, '2025-08-13 16:32:35.419179-04', '2025-08-13 16:32:35.419179-04', NULL, 'Beneficiary current in US', NULL, NULL, 'f', 'BOOLEAN', NULL, NULL, NULL, NULL, NULL, 13, 235, 'Beneficiary.BeneficiaryCurrentInUS', 'f', NULL),
(236, '2025-08-13 16:32:35.419179-04', '2025-08-13 16:32:35.419179-04', NULL, 'Class of admission', 'Pt4Line21a_ClassOfAdmission[0]', '{Beneficiary.BeneficiaryCurrentInUS} == true', 't', 'TEXT', NULL, NULL, NULL, NULL, NULL, 13, 236, 'Beneficiary.BeneficiaryCurrentlyInUS.ClassOfAdmission', 'f', NULL),
(237, '2025-08-13 16:32:35.419179-04', '2025-08-13 16:32:35.419179-04', NULL, 'Arrival departure record number', 'Pt4Line21b_ArrivalDeparture[0]', '{Beneficiary.BeneficiaryCurrentInUS} == true', 't', 'TEXT', NULL, NULL, NULL, NULL, NULL, 13, 237, 'Beneficiary.BeneficiaryCurrentlyInUS.FormI94ArrivalDepartureRecordNumber', 'f', NULL),
(238, '2025-08-13 16:32:35.419179-04', '2025-08-13 16:32:35.419179-04', NULL, 'Date of arrival', 'Pt4Line21c_DateOfArrival[0]', '{Beneficiary.BeneficiaryCurrentInUS} == true', 't', 'TEXT', NULL, NULL, NULL, NULL, NULL, 13, 238, 'Beneficiary.BeneficiaryCurrentlyInUS.DateOfArrival', 'f', NULL),
(239, '2025-08-13 16:32:35.419179-04', '2025-08-13 16:32:35.419179-04', NULL, 'Date expired', 'Pt4Line21d_DateExpired[0]', '{Beneficiary.BeneficiaryCurrentInUS} == true', 't', 'TEXT', NULL, NULL, NULL, NULL, NULL, 13, 239, 'Beneficiary.BeneficiaryCurrentlyInUS.DateAuthorizedStayExpires', 'f', NULL),
(240, '2025-08-13 16:32:35.419179-04', '2025-08-13 16:32:35.419179-04', NULL, 'Passport number', 'Pt4Line22_PassportNumber[0]', NULL, 't', 'TEXT', NULL, NULL, NULL, NULL, NULL, 13, 240, 'Beneficiary.PassportNumber', 'f', NULL),
(241, '2025-08-13 16:32:35.419179-04', '2025-08-13 16:32:35.419179-04', NULL, 'Travel document number', 'Pt4Line23_TravelDocNumber[0]', NULL, 't', 'TEXT', NULL, NULL, NULL, NULL, NULL, 13, 241, 'Beneficiary.TravelDocumentNumber', 'f', NULL),
(242, '2025-08-13 16:32:35.419179-04', '2025-08-13 16:32:35.419179-04', NULL, 'Country of issuance', 'Pt4Line24_CountryOfIssuance[0]', NULL, 't', 'TEXT', NULL, NULL, NULL, NULL, NULL, 13, 242, 'Beneficiary.CountryOfIssuance', 'f', NULL),
(243, '2025-08-13 16:32:35.419179-04', '2025-08-13 16:32:35.419179-04', NULL, 'Expiration date', 'Pt4Line25_ExpDate[0]', NULL, 't', 'TEXT', NULL, NULL, NULL, NULL, NULL, 13, 243, 'Beneficiary.ExpirationDate', 'f', NULL),
(244, '2025-08-13 16:32:35.419179-04', '2025-08-13 16:32:35.419179-04', NULL, 'Current employer name', 'Pt4Line26_NameOfCompany[0]', NULL, 't', 'TEXT', NULL, NULL, NULL, NULL, NULL, 13, 244, 'Beneficiary.CurrentEmployer.CompanyName', 'f', NULL),
(245, '2025-08-13 16:32:35.419179-04', '2025-08-13 16:32:35.419179-04', NULL, 'Current employer street number and name', 'Pt4Line26_StreetNumberName[0]', NULL, 't', 'TEXT', NULL, NULL, NULL, NULL, NULL, 13, 245, 'Beneficiary.CurrentEmployer.Address.StreetNumberName', 'f', NULL),
(246, '2025-08-13 16:32:35.419179-04', '2025-08-13 16:32:35.419179-04', NULL, 'Current employer secondary address line', NULL, '{Beneficiary.CurrentEmployer.CompanyName} != ''unemployed''', 't', 'SELECT_ONE', NULL, NULL, NULL, NULL, NULL, 13, 246, 'Beneficiary.CurrentEmployer.Address.SecondaryAddressLine', 'f', NULL),
(247, '2025-08-13 16:32:35.419179-04', '2025-08-13 16:32:35.419179-04', NULL, 'Current employer apt ste flr number', 'Pt4Line26_AptSteFlrNumber[0]', '{Beneficiary.CurrentEmployer.CompanyName} != ''unemployed''', 't', 'TEXT', NULL, NULL, NULL, NULL, NULL, 13, 247, 'Beneficiary.CurrentEmployer.Address.SecondaryAddressLine.Detail', 'f', NULL),
(248, '2025-08-13 16:32:35.419179-04', '2025-08-13 16:32:35.419179-04', NULL, 'Current employer city or town', 'Pt4Line26_CityOrTown[0]', '{Beneficiary.CurrentEmployer.CompanyName} != ''unemployed''', 't', 'TEXT', NULL, NULL, NULL, NULL, NULL, 13, 248, 'Beneficiary.CurrentEmployer.Address.CityOrTown', 'f', NULL),
(249, '2025-08-13 16:32:35.419179-04', '2025-08-13 16:32:35.419179-04', NULL, 'Current employer state', 'Pt4Line26_State[0]', '{Beneficiary.CurrentEmployer.CompanyName} != ''unemployed''', 't', 'TEXT', NULL, NULL, NULL, NULL, NULL, 13, 249, 'Beneficiary.CurrentEmployer.Address.State', 'f', NULL),
(250, '2025-08-13 16:32:35.419179-04', '2025-08-13 16:32:35.419179-04', NULL, 'Current employer zip code', 'Pt4Line26_ZipCode[0]', '{Beneficiary.CurrentEmployer.CompanyName} != ''unemployed''', 't', 'TEXT', NULL, NULL, NULL, NULL, NULL, 13, 250, 'Beneficiary.CurrentEmployer.Address.ZipCode', 'f', NULL),
(251, '2025-08-13 16:32:35.419179-04', '2025-08-13 16:32:35.419179-04', NULL, 'Current employer province', 'Pt4Line26_Province[0]', '{Beneficiary.CurrentEmployer.CompanyName} != ''unemployed''', 't', 'TEXT', NULL, NULL, NULL, NULL, NULL, 13, 251, 'Beneficiary.CurrentEmployer.Address.Province', 'f', NULL),
(252, '2025-08-13 16:32:35.419179-04', '2025-08-13 16:32:35.419179-04', NULL, 'Current employer postal code', 'Pt4Line26_PostalCode[0]', '{Beneficiary.CurrentEmployer.CompanyName} != ''unemployed''', 't', 'TEXT', NULL, NULL, NULL, NULL, NULL, 13, 252, 'Beneficiary.CurrentEmployer.Address.PostalCode', 'f', NULL),
(253, '2025-08-13 16:32:35.419179-04', '2025-08-13 16:32:35.419179-04', NULL, 'Current employer country', 'Pt4Line26_Country[0]', '{Beneficiary.CurrentEmployer.CompanyName} != ''unemployed''', 't', 'TEXT', NULL, NULL, NULL, NULL, NULL, 13, 253, 'Beneficiary.CurrentEmployer.Address.Country', 'f', NULL),
(254, '2025-08-13 16:32:35.419179-04', '2025-08-13 16:32:35.419179-04', NULL, 'Date employment began', 'Pt4Line27_DateEmploymentBegan[0]', '{Beneficiary.CurrentEmployer.CompanyName} != ''unemployed''', 't', 'TEXT', NULL, NULL, NULL, NULL, NULL, 13, 254, 'Beneficiary.CurrentEmployer.DateFrom', 'f', NULL),
(255, '2025-08-13 16:32:35.419179-04', '2025-08-13 16:32:35.419179-04', NULL, 'Beneficiary ever in immigration proceedings', NULL, NULL, 't', 'SELECT_ONE', NULL, NULL, NULL, NULL, NULL, 14, 255, 'Beneficiary.BeneficiaryEverInImmigrationProceedings', 'f', NULL),
(256, '2025-08-13 16:32:35.419179-04', '2025-08-13 16:32:35.419179-04', NULL, 'Type of immigration proceedings', NULL, '{Beneficiary.BeneficiaryEverInImmigrationProceedings}=''Yes''', 't', 'SELECT_ONE', NULL, NULL, NULL, NULL, NULL, 14, 256, 'Beneficiary.BeneficiaryEverInImmigrationProceedings.Type', 'f', NULL),
(257, '2025-08-13 16:32:35.419179-04', '2025-08-13 16:32:35.419179-04', NULL, 'City or town', 'Pt4Line55a_CityOrTown[0]', NULL, 't', 'TEXT', NULL, NULL, NULL, NULL, NULL, 14, 257, 'Beneficiary.BeneficiaryEverInImmigrationProceedings.CityOrTown', 'f', NULL),
(258, '2025-08-13 16:32:35.419179-04', '2025-08-13 16:32:35.419179-04', NULL, 'State', 'Pt4Line55b_State[0]', NULL, 't', 'TEXT', NULL, NULL, NULL, NULL, NULL, 14, 258, 'Beneficiary.BeneficiaryEverInImmigrationProceedings.State', 'f', NULL),
(259, '2025-08-13 16:32:35.419179-04', '2025-08-13 16:32:35.419179-04', NULL, 'Date', 'Pt4Line56_Date[0]', NULL, 't', 'TEXT', NULL, NULL, NULL, NULL, NULL, 14, 259, 'Beneficiary.BeneficiaryEverInImmigrationProceedings.Date', 'f', NULL),
(260, '2025-08-13 16:32:35.419179-04', '2025-08-13 16:32:35.419179-04', NULL, 'Native language non roman', NULL, NULL, 'f', 'BOOLEAN', NULL, NULL, NULL, NULL, NULL, 14, 260, 'Beneficiary.NativeLanguageNonRoman', 'f', NULL),
(261, '2025-08-13 16:32:35.419179-04', '2025-08-13 16:32:35.419179-04', NULL, 'Family name', 'Pt4Line55a_FamilyName[0]', '{Beneficiary.NativeLanguageNonRoman} == false', 'f', 'TEXT', NULL, NULL, NULL, NULL, NULL, 14, 261, 'Beneficiary.Name.FamilyName.Native', 'f', NULL),
(262, '2025-08-13 16:32:35.419179-04', '2025-08-13 16:32:35.419179-04', NULL, 'Given name', 'Pt4Line55b_GivenName[0]', '{Beneficiary.NativeLanguageNonRoman} == false', 'f', 'TEXT', NULL, NULL, NULL, NULL, NULL, 14, 262, 'Beneficiary.Name.GivenName.Native', 'f', NULL),
(263, '2025-08-13 16:32:35.419179-04', '2025-08-13 16:32:35.419179-04', NULL, 'Middle name', 'Pt4Line55c_MiddleName[0]', '{Beneficiary.NativeLanguageNonRoman} == false', 'f', 'TEXT', NULL, NULL, NULL, NULL, NULL, 14, 263, 'Beneficiary.Name.MiddleName.Native', 'f', NULL),
(264, '2025-08-13 16:32:35.419179-04', '2025-08-13 16:32:35.419179-04', NULL, 'Street number and name', 'Pt4Line56_StreetNumberName[0]', '{Beneficiary.NativeLanguageNonRoman} == false', 'f', 'TEXT', NULL, NULL, NULL, NULL, NULL, 14, 264, 'Beneficiary.PhysicalAddress.StreetNumberName.Native', 'f', NULL),
(265, '2025-08-13 16:32:35.419179-04', '2025-08-13 16:32:35.419179-04', NULL, 'Secondary address line', NULL, '{Beneficiary.NativeLanguageNonRoman} == false', 'f', 'SELECT_ONE', NULL, NULL, NULL, NULL, NULL, 14, 265, 'Beneficiary.PhysicalAddress.SecondaryAddressLine.Native', 'f', NULL),
(266, '2025-08-13 16:32:35.419179-04', '2025-08-13 16:32:35.419179-04', NULL, 'Apt ste flr number', 'Pt4Line56_AptSteFlrNumber[0]', '{Beneficiary.NativeLanguageNonRoman} == false', 'f', 'TEXT', NULL, NULL, NULL, NULL, NULL, 14, 266, 'Beneficiary.PhysicalAddress.SecondaryAddressLine.Detail.Native', 'f', NULL),
(267, '2025-08-13 16:32:35.419179-04', '2025-08-13 16:32:35.419179-04', NULL, 'City or town', 'Pt4Line56_CityOrTown[0]', '{Beneficiary.NativeLanguageNonRoman} == false', 'f', 'TEXT', NULL, NULL, NULL, NULL, NULL, 14, 267, 'Beneficiary.PhysicalAddress.CityOrTown.Native', 'f', NULL),
(268, '2025-08-13 16:32:35.419179-04', '2025-08-13 16:32:35.419179-04', NULL, 'Province', 'Pt4Line56_Province[0]', '{Beneficiary.NativeLanguageNonRoman} == false', 'f', 'TEXT', NULL, NULL, NULL, NULL, NULL, 14, 268, 'Beneficiary.PhysicalAddress.Province.Native', 'f', NULL),
(269, '2025-08-13 16:32:35.419179-04', '2025-08-13 16:32:35.419179-04', NULL, 'Postal code', 'Pt4Line56_PostalCode[0]', '{Beneficiary.NativeLanguageNonRoman} == false', 'f', 'TEXT', NULL, NULL, NULL, NULL, NULL, 14, 269, 'Beneficiary.PhysicalAddress.PostalCode.Native', 'f', NULL),
(270, '2025-08-13 16:32:35.419179-04', '2025-08-13 16:32:35.419179-04', NULL, 'Country', 'Pt4Line56_Country[0]', '{Beneficiary.NativeLanguageNonRoman} == false', 'f', 'TEXT', NULL, NULL, NULL, NULL, NULL, 14, 270, 'Beneficiary.PhysicalAddress.Country.Native', 'f', NULL),
(271, '2025-08-13 16:32:35.419179-04', '2025-08-13 16:32:35.419179-04', NULL, 'Spouse residence together street number and name', 'Pt4Line57_StreetNumberName[0]', '{Petitioner.PetitionFor} == ''spouse''', 't', 'TEXT', NULL, NULL, NULL, NULL, NULL, 14, 271, 'Beneficiary.SpouseResidenceTogether.Address.StreetNumberName', 'f', NULL),
(272, '2025-08-13 16:32:35.419179-04', '2025-08-13 16:32:35.419179-04', NULL, 'Spouse residence together secondary address line', NULL, '{Petitioner.PetitionFor} == ''spouse'' && {Beneficiary.SpouseResidenceTogether.Address.StreetNumberName} != ''Never Lived together''', 't', 'SELECT_ONE', NULL, NULL, NULL, NULL, NULL, 14, 272, 'Beneficiary.SpouseResidenceTogether.Address.SecondaryAddressLine', 'f', NULL),
(273, '2025-08-13 16:32:35.419179-04', '2025-08-13 16:32:35.419179-04', NULL, 'Spouse residence together apt ste flr number', 'Pt4Line57_AptSteFlrNumber[0]', '{Petitioner.PetitionFor} == ''spouse'' && {Beneficiary.SpouseResidenceTogether.Address.StreetNumberName} != ''Never Lived together''', 't', 'TEXT', NULL, NULL, NULL, NULL, NULL, 14, 273, 'Beneficiary.SpouseResidenceTogether.Address.SecondaryAddressLine.Detail', 'f', NULL),
(274, '2025-08-13 16:32:35.419179-04', '2025-08-13 16:32:35.419179-04', NULL, 'Spouse residence together city or town', 'Pt4Line57_CityOrTown[0]', '{Petitioner.PetitionFor} == ''spouse'' && {Beneficiary.SpouseResidenceTogether.Address.StreetNumberName} != ''Never Lived together''', 't', 'TEXT', NULL, NULL, NULL, NULL, NULL, 14, 274, 'Beneficiary.SpouseResidenceTogether.Address.CityOrTown', 'f', NULL),
(275, '2025-08-13 16:32:35.419179-04', '2025-08-13 16:32:35.419179-04', NULL, 'Spouse residence together state', 'Pt4Line57_State[0]', '{Petitioner.PetitionFor} == ''spouse'' && {Beneficiary.SpouseResidenceTogether.Address.StreetNumberName} != ''Never Lived together''', 't', 'TEXT', NULL, NULL, NULL, NULL, NULL, 14, 275, 'Beneficiary.SpouseResidenceTogether.State', 'f', NULL),
(276, '2025-08-13 16:32:35.419179-04', '2025-08-13 16:32:35.419179-04', NULL, 'Spouse residence together zip code', 'Pt4Line57_ZipCode[0]', '{Petitioner.PetitionFor} == ''spouse'' && {Beneficiary.SpouseResidenceTogether.Address.StreetNumberName} != ''Never Lived together''', 't', 'TEXT', NULL, NULL, NULL, NULL, NULL, 14, 276, 'Beneficiary.SpouseResidenceTogether.Address.ZipCode', 'f', NULL),
(277, '2025-08-13 16:32:35.419179-04', '2025-08-13 16:32:35.419179-04', NULL, 'Spouse residence together province', 'Pt4Line57_Province[0]', '{Petitioner.PetitionFor} == ''spouse'' && {Beneficiary.SpouseResidenceTogether.Address.StreetNumberName} != ''Never Lived together''', 't', 'TEXT', NULL, NULL, NULL, NULL, NULL, 14, 277, 'Beneficiary.SpouseResidenceTogether.Address.Province', 'f', NULL),
(278, '2025-08-13 16:32:35.419179-04', '2025-08-13 16:32:35.419179-04', NULL, 'Spouse residence together postal code', 'Pt4Line57_PostalCode[0]', '{Petitioner.PetitionFor} == ''spouse'' && {Beneficiary.SpouseResidenceTogether.Address.StreetNumberName} != ''Never Lived together''', 't', 'TEXT', NULL, NULL, NULL, NULL, NULL, 14, 278, 'Beneficiary.SpouseResidenceTogether.Address.PostalCode', 'f', NULL),
(279, '2025-08-13 16:32:35.419179-04', '2025-08-13 16:32:35.419179-04', NULL, 'Spouse residence together country', 'Pt4Line57_Country[0]', '{Petitioner.PetitionFor} == ''spouse'' && {Beneficiary.SpouseResidenceTogether.Address.StreetNumberName} != ''Never Lived together''', 't', 'TEXT', NULL, NULL, NULL, NULL, NULL, 14, 279, 'Beneficiary.SpouseResidenceTogether.Address.Country', 'f', NULL),
(280, '2025-08-13 16:32:35.419179-04', '2025-08-13 16:32:35.419179-04', NULL, 'Spouse residence together date from', 'Pt4Line58a_DateFrom[0]', '{Petitioner.PetitionFor} == ''spouse'' && {Beneficiary.SpouseResidenceTogether.Address.StreetNumberName} != ''Never Lived together''', 't', 'TEXT', NULL, NULL, NULL, NULL, NULL, 14, 280, 'Beneficiary.SpouseResidenceTogether.DateFrom', 'f', NULL),
(281, '2025-08-13 16:32:35.419179-04', '2025-08-13 16:32:35.419179-04', NULL, 'Spouse residence together date to', 'Pt4Line58b_DateTo[0]', '{Petitioner.PetitionFor} == ''spouse'' && {Beneficiary.SpouseResidenceTogether.Address.StreetNumberName} != ''Never Lived together''', 't', 'TEXT', NULL, NULL, NULL, NULL, NULL, 14, 281, 'Beneficiary.SpouseResidenceTogether.DateTo', 'f', NULL),
(282, '2025-08-13 16:32:35.419179-04', '2025-08-13 16:32:35.419179-04', NULL, 'USCIS status adjustment location city or town', 'Pt4Line60a_CityOrTown[0]', '{Beneficiary.BeneficiaryCurrentInUS} == true', 't', 'TEXT', NULL, NULL, NULL, NULL, NULL, 14, 282, 'Beneficiary.USCISStatuAdjustmentLocation.CityOrTown', 'f', NULL),
(283, '2025-08-13 16:32:35.419179-04', '2025-08-13 16:32:35.419179-04', NULL, 'USCIS status adjustment location state', 'Pt4Line60b_State[0]', '{Beneficiary.BeneficiaryCurrentInUS} == true', 't', 'TEXT', NULL, NULL, NULL, NULL, NULL, 14, 283, 'Beneficiary.USCISStatuAdjustmentLocation.State', 'f', NULL),
(284, '2025-08-13 16:32:35.419179-04', '2025-08-13 16:32:35.419179-04', NULL, 'US embassy status adjustment location city or town', 'Pt4Line61a_CityOrTown[0]', '{Beneficiary.BeneficiaryCurrentInUS} == false', 't', 'TEXT', NULL, NULL, NULL, NULL, NULL, 14, 284, 'Beneficiary.USEmbassyStatusAdjustmentLocation.CityOrTown', 'f', NULL),
(285, '2025-08-13 16:32:35.419179-04', '2025-08-13 16:32:35.419179-04', NULL, 'US embassy status adjustment location province', 'Pt4Line61b_Province[0]', '{Beneficiary.BeneficiaryCurrentInUS} == false', 't', 'TEXT', NULL, NULL, NULL, NULL, NULL, 14, 285, 'Beneficiary.USEmbassyStatusAdjustmentLocation.Province', 'f', NULL),
(286, '2025-08-13 16:32:35.419179-04', '2025-08-13 16:32:35.419179-04', NULL, 'US embassy status adjustment location country', 'Pt4Line61c_Country[0]', '{Beneficiary.BeneficiaryCurrentInUS} == false', 't', 'TEXT', NULL, NULL, NULL, NULL, NULL, 14, 286, 'Beneficiary.USEmbassyStatusAdjustmentLocation.Country', 'f', NULL),
(287, '2025-08-13 16:32:35.419179-04', '2025-08-13 16:32:35.419179-04', NULL, 'Has translator', NULL, NULL, 't', 'BOOLEAN', NULL, NULL, NULL, NULL, NULL, 15, 287, 'HasTranslator', 'f', NULL),
(288, '2025-08-13 16:32:35.419179-04', '2025-08-13 16:32:35.419179-04', NULL, 'Translator given name', 'Pt7Line1b_InterpreterGivenName[0]', '{HasTranslator} == true', 't', 'TEXT', NULL, NULL, NULL, NULL, NULL, 15, 288, 'Translator.Name.GivenName', 'f', NULL),
(289, '2025-08-13 16:32:35.419179-04', '2025-08-13 16:32:35.419179-04', NULL, 'Translator family name', 'Pt7Line1a_InterpreterFamilyName[0]', '{HasTranslator} == true', 't', 'TEXT', NULL, NULL, NULL, NULL, NULL, 15, 289, 'Translator.Name.FamilyName', 'f', NULL),
(290, '2025-08-13 16:32:35.419179-04', '2025-08-13 16:32:35.419179-04', NULL, 'Translator business name', 'Pt7Line2_InterpreterBusinessorOrg[0]', '{HasTranslator} == true', 't', 'TEXT', NULL, NULL, NULL, NULL, NULL, 15, 290, 'Translator.Name.BusinessName', 'f', NULL),
(291, '2025-08-13 16:32:35.419179-04', '2025-08-13 16:32:35.419179-04', NULL, 'Translator mailing address street number and name', 'Pt7Line3_StreetNumberName[0]', '{HasTranslator} == true', 't', 'TEXT', NULL, NULL, NULL, NULL, NULL, 15, 291, 'Translator.MailingAddress.StreetNumberName', 'f', NULL),
(292, '2025-08-13 16:32:35.419179-04', '2025-08-13 16:32:35.419179-04', NULL, 'Translator mailing address secondary address line', NULL, '{HasTranslator} == true', 't', 'SELECT_ONE', NULL, NULL, NULL, NULL, NULL, 15, 292, 'Translator.MailingAddress.SecondaryAddressLine', 'f', NULL),
(293, '2025-08-13 16:32:35.419179-04', '2025-08-13 16:32:35.419179-04', NULL, 'Translator mailing address apt ste flr number', 'Pt7Line3_AptSteFlrNumber[0]', '{HasTranslator} == true', 't', 'TEXT', NULL, NULL, NULL, NULL, NULL, 15, 293, 'Translator.MailingAddress.SecondaryAddressLine.Detail', 'f', NULL),
(294, '2025-08-13 16:32:35.419179-04', '2025-08-13 16:32:35.419179-04', NULL, 'Translator mailing address city or town', 'Pt7Line3_CityOrTown[0]', '{HasTranslator} == true', 't', 'TEXT', NULL, NULL, NULL, NULL, NULL, 15, 294, 'Translator.MailingAddress.CityOrTown', 'f', NULL),
(295, '2025-08-13 16:32:35.419179-04', '2025-08-13 16:32:35.419179-04', NULL, 'Translator mailing address state', 'Pt7Line3_State[0]', '{HasTranslator} == true', 't', 'TEXT', NULL, NULL, NULL, NULL, NULL, 15, 295, 'Translator.MailingAddress.State', 'f', NULL),
(296, '2025-08-13 16:32:35.419179-04', '2025-08-13 16:32:35.419179-04', NULL, 'Translator mailing address zip code', 'Pt7Line3_ZipCode[0]', '{HasTranslator} == true', 't', 'TEXT', NULL, NULL, NULL, NULL, NULL, 15, 296, 'Translator.MailingAddress.ZipCode', 'f', NULL),
(297, '2025-08-13 16:32:35.419179-04', '2025-08-13 16:32:35.419179-04', NULL, 'Translator mailing address province', 'Pt7Line3_Province[0]', '{HasTranslator} == true', 't', 'TEXT', NULL, NULL, NULL, NULL, NULL, 15, 297, 'Translator.MailingAddress.Province', 'f', NULL),
(298, '2025-08-13 16:32:35.419179-04', '2025-08-13 16:32:35.419179-04', NULL, 'Translator mailing address postal code', 'Pt7Line3_PostalCode[0]', '{HasTranslator} == true', 't', 'TEXT', NULL, NULL, NULL, NULL, NULL, 15, 298, 'Translator.MailingAddress.PostalCode', 'f', NULL),
(299, '2025-08-13 16:32:35.419179-04', '2025-08-13 16:32:35.419179-04', NULL, 'Translator mailing address country', 'Pt7Line3_Country[0]', '{HasTranslator} == true', 't', 'TEXT', NULL, NULL, NULL, NULL, NULL, 15, 299, 'Translator.MailingAddress.Country', 'f', NULL),
(300, '2025-08-13 16:32:35.419179-04', '2025-08-13 16:32:35.419179-04', NULL, 'Translator mobile number', 'Pt4Line53_DaytimePhoneNumber[0]', '{HasTranslator} == true', 't', 'TEXT', NULL, NULL, NULL, NULL, NULL, 15, 300, 'Translator.ContactInfo.MobileNumber', 'f', NULL),
(301, '2025-08-13 16:32:35.419179-04', '2025-08-13 16:32:35.419179-04', NULL, 'Translator daytime telephone', 'Pt7Line4_InterpreterDaytimeTelephone[0]', '{HasTranslator} == true', 't', 'TEXT', NULL, NULL, NULL, NULL, NULL, 15, 301, 'Translator.ContactInfo.DayTime', 'f', NULL),
(302, '2025-08-13 16:32:35.419179-04', '2025-08-13 16:32:35.419179-04', NULL, 'Translator email', 'Pt7Line5_Email[0]', '{HasTranslator} == true', 't', 'TEXT', NULL, NULL, NULL, NULL, NULL, 15, 302, 'Translator.ContactInfo.Email', 'f', NULL),
(303, '2025-08-13 16:32:35.419179-04', '2025-08-13 16:32:35.419179-04', NULL, 'Translator other fluent language', 'Pt7_NameofLanguage[0]', '{HasTranslator} == true', 't', 'TEXT', NULL, NULL, NULL, NULL, NULL, 15, 303, 'Translator.OtherFluentLanguage', 'f', NULL),
(304, '2025-08-13 16:32:35.419179-04', '2025-08-13 16:32:35.419179-04', NULL, 'Petitioner can read and understand English', NULL, '{HasTranslator} == false', 't', 'SELECT_ONE', NULL, NULL, NULL, NULL, NULL, 16, 304, 'Statement.PetitionerCanReadEnglish', 'f', NULL),
(305, '2025-08-13 16:32:35.419179-04', '2025-08-13 16:32:35.419179-04', NULL, 'Translator read to me', NULL, '{HasTranslator} == true', 't', 'SELECT_ONE', NULL, NULL, NULL, NULL, NULL, 16, 305, 'Statement.TranslatorReadToMe', 'f', NULL),
(306, '2025-08-13 16:32:35.419179-04', '2025-08-13 16:32:35.419179-04', NULL, 'the language translator read to me', 'Pt6Line1b_Language[0]', '{HasTranslator} == true', 't', 'TEXT', NULL, NULL, NULL, NULL, NULL, 16, 306, 'Statement.TranslatorReadToMeLanguage', 'f', NULL),
(307, '2025-08-13 16:32:35.419179-04', '2025-08-13 16:32:35.419179-04', NULL, 'Petitioner daytime phone', 'Pt6Line3_DaytimePhoneNumber[0]', NULL, 't', 'TEXT', NULL, NULL, NULL, NULL, NULL, 16, 307, 'Statement.PetitionerDayTimePhone', 'f', NULL),
(308, '2025-08-13 16:32:35.419179-04', '2025-08-13 16:32:35.419179-04', NULL, 'Petitioner mobile phone', 'Pt6Line4_MobileNumber[0]', NULL, 't', 'TEXT', NULL, NULL, NULL, NULL, NULL, 16, 308, 'Statement.PetitionerMobilePhone', 'f', NULL),
(309, '2025-08-13 16:32:35.419179-04', '2025-08-13 16:32:35.419179-04', NULL, 'Petitioner email', 'Pt6Line5_Email[0]', NULL, 't', 'TEXT', NULL, NULL, NULL, NULL, NULL, 16, 309, 'Statement.PetitionerEmail', 'f', NULL);

INSERT INTO "public"."form_template_field_option" ("id", "created_at", "updated_at", "deleted_at", "key", "pdf_field_name", "name", "field_id") VALUES
(1, '2025-08-13 16:32:35.431857-04', '2025-08-13 16:32:35.431857-04', NULL, 'Petitioner.PetitionFor', 'Pt1Line1_Spouse[0]', 'Spouse', 1),
(2, '2025-08-13 16:32:35.431857-04', '2025-08-13 16:32:35.431857-04', NULL, 'Petitioner.PetitionFor', 'Pt1Line1_Siblings[0]', 'Siblings', 1),
(3, '2025-08-13 16:32:35.431857-04', '2025-08-13 16:32:35.431857-04', NULL, 'Petitioner.PetitionFor', 'Pt1Line1_Parent[0]', 'Parent', 1),
(4, '2025-08-13 16:32:35.431857-04', '2025-08-13 16:32:35.431857-04', NULL, 'Petitioner.PetitionFor', 'Pt1Line1_Child[0]', 'Child', 1),
(5, '2025-08-13 16:32:35.431857-04', '2025-08-13 16:32:35.431857-04', NULL, 'Petitioner.ChildParentRelationship', 'Pt1Line2_InWedlock[0]', 'InWedlock', 2),
(6, '2025-08-13 16:32:35.431857-04', '2025-08-13 16:32:35.431857-04', NULL, 'Petitioner.ChildParentRelationship', 'Pt1Line2_AdoptedChild[0]', 'AdoptedChild', 2),
(7, '2025-08-13 16:32:35.431857-04', '2025-08-13 16:32:35.431857-04', NULL, 'Petitioner.ChildParentRelationship', 'Pt1Line2_Stepchild[0]', 'Stepchild', 2),
(8, '2025-08-13 16:32:35.431857-04', '2025-08-13 16:32:35.431857-04', NULL, 'Petitioner.ChildParentRelationship', 'Pt1Line2_OutOfWedlock[0]', 'OutOfWedlock', 2),
(9, '2025-08-13 16:32:35.431857-04', '2025-08-13 16:32:35.431857-04', NULL, 'Petitioner.BrotherSisterAdopted', 'Pt1Line3_Yes[0]', 'Yes', 3),
(10, '2025-08-13 16:32:35.431857-04', '2025-08-13 16:32:35.431857-04', NULL, 'Petitioner.BrotherSisterAdopted', 'Pt1Line3_No[0]', 'No', 3),
(11, '2025-08-13 16:32:35.431857-04', '2025-08-13 16:32:35.431857-04', NULL, 'Petitioner.ResidentThroughAdoption', 'Pt1Line4_Yes[0]', 'Yes', 4),
(12, '2025-08-13 16:32:35.431857-04', '2025-08-13 16:32:35.431857-04', NULL, 'Petitioner.ResidentThroughAdoption', 'Pt1Line4_No[0]', 'No', 4),
(13, '2025-08-13 16:32:35.431857-04', '2025-08-13 16:32:35.431857-04', NULL, 'Petitioner.Sex', 'Pt2Line9_Male[0]', 'Male', 18),
(14, '2025-08-13 16:32:35.431857-04', '2025-08-13 16:32:35.431857-04', NULL, 'Petitioner.Sex', 'Pt2Line9_Female[0]', 'Female', 18),
(15, '2025-08-13 16:32:35.431857-04', '2025-08-13 16:32:35.431857-04', NULL, 'Petitioner.MailingAddress.Address.SecondaryAddressLine', 'Pt2Line10_Unit[0]', 'Apt', 21),
(16, '2025-08-13 16:32:35.431857-04', '2025-08-13 16:32:35.431857-04', NULL, 'Petitioner.MailingAddress.Address.SecondaryAddressLine', 'Pt2Line10_Unit[1]', 'Ste', 21),
(17, '2025-08-13 16:32:35.431857-04', '2025-08-13 16:32:35.431857-04', NULL, 'Petitioner.MailingAddress.Address.SecondaryAddressLine', 'Pt2Line10_Unit[2]', 'Flr', 21),
(18, '2025-08-13 16:32:35.431857-04', '2025-08-13 16:32:35.431857-04', NULL, 'Petitioner.MailingAddress.SameAsPhysicalAddress', 'Pt2Line11_Yes[0]', 'Yes', 29),
(19, '2025-08-13 16:32:35.431857-04', '2025-08-13 16:32:35.431857-04', NULL, 'Petitioner.MailingAddress.SameAsPhysicalAddress', 'Pt2Line11_No[0]', 'No', 29),
(20, '2025-08-13 16:32:35.431857-04', '2025-08-13 16:32:35.431857-04', NULL, 'Petitioner.PhysicalAddress1.Address.SecondaryAddressLine', 'Pt2Line12_Unit[0]', 'Apt', 32),
(21, '2025-08-13 16:32:35.431857-04', '2025-08-13 16:32:35.431857-04', NULL, 'Petitioner.PhysicalAddress1.Address.SecondaryAddressLine', 'Pt2Line12_Unit[1]', 'Ste', 32),
(22, '2025-08-13 16:32:35.431857-04', '2025-08-13 16:32:35.431857-04', NULL, 'Petitioner.PhysicalAddress1.Address.SecondaryAddressLine', 'Pt2Line12_Unit[2]', 'Flr', 32),
(23, '2025-08-13 16:32:35.431857-04', '2025-08-13 16:32:35.431857-04', NULL, 'Petitioner.PhysicalAddress2.Address.SecondaryAddressLine', 'Pt2Line14_Unit[0]', 'Apt', 43),
(24, '2025-08-13 16:32:35.431857-04', '2025-08-13 16:32:35.431857-04', NULL, 'Petitioner.PhysicalAddress2.Address.SecondaryAddressLine', 'Pt2Line14_Unit[1]', 'Ste', 43),
(25, '2025-08-13 16:32:35.431857-04', '2025-08-13 16:32:35.431857-04', NULL, 'Petitioner.PhysicalAddress2.Address.SecondaryAddressLine', 'Pt2Line14_Unit[2]', 'Flr', 43),
(26, '2025-08-13 16:32:35.431857-04', '2025-08-13 16:32:35.431857-04', NULL, 'Petitioner.MaritalInfo.MaritalStatus', 'Pt2Line17_Widowed[0]', 'Widowed', 54),
(27, '2025-08-13 16:32:35.431857-04', '2025-08-13 16:32:35.431857-04', NULL, 'Petitioner.MaritalInfo.MaritalStatus', 'Pt2Line17_Annulled[0]', 'Annulled', 54),
(28, '2025-08-13 16:32:35.431857-04', '2025-08-13 16:32:35.431857-04', NULL, 'Petitioner.MaritalInfo.MaritalStatus', 'Pt2Line17_Separated[0]', 'Separated', 54),
(29, '2025-08-13 16:32:35.431857-04', '2025-08-13 16:32:35.431857-04', NULL, 'Petitioner.MaritalInfo.MaritalStatus', 'Pt2Line17_Single[0]', 'Single', 54),
(30, '2025-08-13 16:32:35.431857-04', '2025-08-13 16:32:35.431857-04', NULL, 'Petitioner.MaritalInfo.MaritalStatus', 'Pt2Line17_Married[0]', 'Married', 54),
(31, '2025-08-13 16:32:35.431857-04', '2025-08-13 16:32:35.431857-04', NULL, 'Petitioner.MaritalInfo.MaritalStatus', 'Pt2Line17_Divorced[0]', 'Divorced', 54),
(32, '2025-08-13 16:32:35.431857-04', '2025-08-13 16:32:35.431857-04', NULL, 'Petitioner.Parent1.Sex', 'Pt2Line26_Male[0]', 'Male', 72),
(33, '2025-08-13 16:32:35.431857-04', '2025-08-13 16:32:35.431857-04', NULL, 'Petitioner.Parent1.Sex', 'Pt2Line26_Female[0]', 'Female', 72),
(34, '2025-08-13 16:32:35.431857-04', '2025-08-13 16:32:35.431857-04', NULL, 'Petitioner.Parent2.Sex', 'Pt2Line32_Male[0]', 'Male', 80),
(35, '2025-08-13 16:32:35.431857-04', '2025-08-13 16:32:35.431857-04', NULL, 'Petitioner.Parent2.Sex', 'Pt2Line32_Female[0]', 'Female', 80),
(36, '2025-08-13 16:32:35.431857-04', '2025-08-13 16:32:35.431857-04', NULL, 'Petitioner.Residence.Type', 'Pt2Line36_USCitizen[0]', 'USCitizen', 84),
(37, '2025-08-13 16:32:35.431857-04', '2025-08-13 16:32:35.431857-04', NULL, 'Petitioner.Residence.Type', 'Pt2Line36_LPR[0]', 'LPR', 84),
(38, '2025-08-13 16:32:35.431857-04', '2025-08-13 16:32:35.431857-04', NULL, 'Petitioner.Residence.Citizen.CitizenshipAcquirement', 'Pt2Line23a_checkbox[0]', 'Birth in the US', 85),
(39, '2025-08-13 16:32:35.431857-04', '2025-08-13 16:32:35.431857-04', NULL, 'Petitioner.Residence.Citizen.CitizenshipAcquirement', 'Pt2Line23b_checkbox[0]', 'Naturalization', 85),
(40, '2025-08-13 16:32:35.431857-04', '2025-08-13 16:32:35.431857-04', NULL, 'Petitioner.Residence.Citizen.CitizenshipAcquirement', 'Pt2Line23c_checkbox[0]', 'Parents', 85),
(41, '2025-08-13 16:32:35.431857-04', '2025-08-13 16:32:35.431857-04', NULL, 'Petitioner.Residence.Citizen.ObtainedCertificateOfNaturalizationCitizenship', 'Pt2Line36_Yes[0]', 'Yes', 86),
(42, '2025-08-13 16:32:35.431857-04', '2025-08-13 16:32:35.431857-04', NULL, 'Petitioner.Residence.Citizen.ObtainedCertificateOfNaturalizationCitizenship', 'Pt2Line36_No[0]', 'No', 86),
(43, '2025-08-13 16:32:35.431857-04', '2025-08-13 16:32:35.431857-04', NULL, 'Petitioner.LawfulPermanentresident.ObtainedThroughMarriage', 'Pt2Line41_Yes[0]', 'Yes', 94),
(44, '2025-08-13 16:32:35.431857-04', '2025-08-13 16:32:35.431857-04', NULL, 'Petitioner.LawfulPermanentresident.ObtainedThroughMarriage', 'Pt2Line41_No[0]', 'No', 94),
(45, '2025-08-13 16:32:35.431857-04', '2025-08-13 16:32:35.431857-04', NULL, 'Petitioner.Employer1.Address.SecondaryAddressLine', 'Pt2Line41_Unit[0]', 'Apt', 96),
(46, '2025-08-13 16:32:35.431857-04', '2025-08-13 16:32:35.431857-04', NULL, 'Petitioner.Employer1.Address.SecondaryAddressLine', 'Pt2Line41_Unit[1]', 'Ste', 96),
(47, '2025-08-13 16:32:35.431857-04', '2025-08-13 16:32:35.431857-04', NULL, 'Petitioner.Employer1.Address.SecondaryAddressLine', 'Pt2Line41_Unit[2]', 'Flr', 96),
(48, '2025-08-13 16:32:35.431857-04', '2025-08-13 16:32:35.431857-04', NULL, 'Petitioner.Employer2.Address.SecondaryAddressLine', 'Pt2Line45_Unit[0]', 'Apt', 110),
(49, '2025-08-13 16:32:35.431857-04', '2025-08-13 16:32:35.431857-04', NULL, 'Petitioner.Employer2.Address.SecondaryAddressLine', 'Pt2Line45_Unit[1]', 'Ste', 110),
(50, '2025-08-13 16:32:35.431857-04', '2025-08-13 16:32:35.431857-04', NULL, 'Petitioner.Employer2.Address.SecondaryAddressLine', 'Pt2Line45_Unit[2]', 'Flr', 110),
(51, '2025-08-13 16:32:35.431857-04', '2025-08-13 16:32:35.431857-04', NULL, 'Petitioner.Ethnicity', 'Pt3Line1_Ethnicity[0]', 'Ethnicity1', 121),
(52, '2025-08-13 16:32:35.431857-04', '2025-08-13 16:32:35.431857-04', NULL, 'Petitioner.Ethnicity', 'Pt3Line1_Ethnicity[1]', 'Ethnicity2', 121),
(53, '2025-08-13 16:32:35.431857-04', '2025-08-13 16:32:35.431857-04', NULL, 'Petitioner.Race', 'Pt3Line2_Race_Black[0]', 'Black', 122),
(54, '2025-08-13 16:32:35.431857-04', '2025-08-13 16:32:35.431857-04', NULL, 'Petitioner.Race', 'Pt3Line2_Race_AmericanIndianAlaskaNative[0]', 'AmericanIndianAlaskaNative', 122),
(55, '2025-08-13 16:32:35.431857-04', '2025-08-13 16:32:35.431857-04', NULL, 'Petitioner.Race', 'Pt3Line2_Race_White[0]', 'White', 122),
(56, '2025-08-13 16:32:35.431857-04', '2025-08-13 16:32:35.431857-04', NULL, 'Petitioner.Race', 'Pt3Line2_Race_Asian[0]', 'Asian', 122),
(57, '2025-08-13 16:32:35.431857-04', '2025-08-13 16:32:35.431857-04', NULL, 'Petitioner.Race', 'Pt3Line2_Race_NativeHawaiianOtherPacificIslander[0]', 'NativeHawaiianOtherPacificIslander', 122),
(58, '2025-08-13 16:32:35.431857-04', '2025-08-13 16:32:35.431857-04', NULL, 'Petitioner.EyeColor', 'Pt3Line5_EyeColor[0]', 'Blue', 128),
(59, '2025-08-13 16:32:35.431857-04', '2025-08-13 16:32:35.431857-04', NULL, 'Petitioner.EyeColor', 'Pt3Line5_EyeColor[1]', 'Brown', 128),
(60, '2025-08-13 16:32:35.431857-04', '2025-08-13 16:32:35.431857-04', NULL, 'Petitioner.EyeColor', 'Pt3Line5_EyeColor[2]', 'Hazel', 128),
(61, '2025-08-13 16:32:35.431857-04', '2025-08-13 16:32:35.431857-04', NULL, 'Petitioner.EyeColor', 'Pt3Line5_EyeColor[3]', 'Pink', 128),
(62, '2025-08-13 16:32:35.431857-04', '2025-08-13 16:32:35.431857-04', NULL, 'Petitioner.EyeColor', 'Pt3Line5_EyeColor[4]', 'Maroon', 128),
(63, '2025-08-13 16:32:35.431857-04', '2025-08-13 16:32:35.431857-04', NULL, 'Petitioner.EyeColor', 'Pt3Line5_EyeColor[5]', 'Green', 128),
(64, '2025-08-13 16:32:35.431857-04', '2025-08-13 16:32:35.431857-04', NULL, 'Petitioner.EyeColor', 'Pt3Line5_EyeColor[6]', 'Gray', 128),
(65, '2025-08-13 16:32:35.431857-04', '2025-08-13 16:32:35.431857-04', NULL, 'Petitioner.EyeColor', 'Pt3Line5_EyeColor[7]', 'Black', 128),
(66, '2025-08-13 16:32:35.431857-04', '2025-08-13 16:32:35.431857-04', NULL, 'Petitioner.EyeColor', 'Pt3Line5_EyeColor[8]', 'Other', 128),
(67, '2025-08-13 16:32:35.431857-04', '2025-08-13 16:32:35.431857-04', NULL, 'Petitioner.HairColor', 'Pt3Line6_HairColor[0]', 'Bald', 129),
(68, '2025-08-13 16:32:35.431857-04', '2025-08-13 16:32:35.431857-04', NULL, 'Petitioner.HairColor', 'Pt3Line6_HairColor[1]', 'Black', 129),
(69, '2025-08-13 16:32:35.431857-04', '2025-08-13 16:32:35.431857-04', NULL, 'Petitioner.HairColor', 'Pt3Line6_HairColor[2]', 'Blond', 129),
(70, '2025-08-13 16:32:35.431857-04', '2025-08-13 16:32:35.431857-04', NULL, 'Petitioner.HairColor', 'Pt3Line6_HairColor[3]', 'Brown', 129),
(71, '2025-08-13 16:32:35.431857-04', '2025-08-13 16:32:35.431857-04', NULL, 'Petitioner.HairColor', 'Pt3Line6_HairColor[4]', 'Gray', 129),
(72, '2025-08-13 16:32:35.431857-04', '2025-08-13 16:32:35.431857-04', NULL, 'Petitioner.HairColor', 'Pt3Line6_HairColor[5]', 'Red', 129),
(73, '2025-08-13 16:32:35.431857-04', '2025-08-13 16:32:35.431857-04', NULL, 'Petitioner.HairColor', 'Pt3Line6_HairColor[6]', 'Sandy', 129),
(74, '2025-08-13 16:32:35.431857-04', '2025-08-13 16:32:35.431857-04', NULL, 'Petitioner.HairColor', 'Pt3Line6_HairColor[7]', 'White', 129),
(75, '2025-08-13 16:32:35.431857-04', '2025-08-13 16:32:35.431857-04', NULL, 'Petitioner.HairColor', 'Pt3Line6_HairColor[8]', 'Other', 129),
(76, '2025-08-13 16:32:35.431857-04', '2025-08-13 16:32:35.431857-04', NULL, 'Petitioner.FiledPetitionBefore', 'Part4Line1_Yes[0]', 'Yes', 130),
(77, '2025-08-13 16:32:35.431857-04', '2025-08-13 16:32:35.431857-04', NULL, 'Petitioner.FiledPetitionBefore', 'Part4Line1_No[0]', 'No', 130),
(78, '2025-08-13 16:32:35.431857-04', '2025-08-13 16:32:35.431857-04', NULL, 'Beneficiary.Sex', 'Pt4Line9_Male[0]', 'Male', 160),
(79, '2025-08-13 16:32:35.431857-04', '2025-08-13 16:32:35.431857-04', NULL, 'Beneficiary.Sex', 'Pt4Line9_Female[0]', 'Female', 160),
(80, '2025-08-13 16:32:35.431857-04', '2025-08-13 16:32:35.431857-04', NULL, 'Beneficiary.FiledForBefore', 'Pt4Line10_Yes[0]', 'Yes', 161),
(81, '2025-08-13 16:32:35.431857-04', '2025-08-13 16:32:35.431857-04', NULL, 'Beneficiary.FiledForBefore', 'Pt4Line10_No[0]', 'No', 161),
(82, '2025-08-13 16:32:35.431857-04', '2025-08-13 16:32:35.431857-04', NULL, 'Beneficiary.FiledForBefore', 'Pt4Line10_Unknown[0]', 'Unknown', 161),
(83, '2025-08-13 16:32:35.431857-04', '2025-08-13 16:32:35.431857-04', NULL, 'Beneficiary.PhysicalAddress.SecondaryAddressLine', 'Pt4Line11_Unit[0]', 'Apt', 163),
(84, '2025-08-13 16:32:35.431857-04', '2025-08-13 16:32:35.431857-04', NULL, 'Beneficiary.PhysicalAddress.SecondaryAddressLine', 'Pt4Line11_Unit[1]', 'Ste', 163),
(85, '2025-08-13 16:32:35.431857-04', '2025-08-13 16:32:35.431857-04', NULL, 'Beneficiary.PhysicalAddress.SecondaryAddressLine', 'Pt4Line11_Unit[2]', 'Flr', 163),
(86, '2025-08-13 16:32:35.431857-04', '2025-08-13 16:32:35.431857-04', NULL, 'Beneficiary.IntendedAddress.SecondaryAddressLine', 'Pt4Line12b_Unit[0]', 'Apt', 173),
(87, '2025-08-13 16:32:35.431857-04', '2025-08-13 16:32:35.431857-04', NULL, 'Beneficiary.IntendedAddress.SecondaryAddressLine', 'Pt4Line12b_Unit[1]', 'Ste', 173),
(88, '2025-08-13 16:32:35.431857-04', '2025-08-13 16:32:35.431857-04', NULL, 'Beneficiary.IntendedAddress.SecondaryAddressLine', 'Pt4Line12b_Unit[2]', 'Flr', 173),
(89, '2025-08-13 16:32:35.431857-04', '2025-08-13 16:32:35.431857-04', NULL, 'Beneficiary.OtherAddress.SecondaryAddressLine', 'Pt4Line13_Unit[0]', 'Apt', 178),
(90, '2025-08-13 16:32:35.431857-04', '2025-08-13 16:32:35.431857-04', NULL, 'Beneficiary.OtherAddress.SecondaryAddressLine', 'Pt4Line13_Unit[1]', 'Ste', 178),
(91, '2025-08-13 16:32:35.431857-04', '2025-08-13 16:32:35.431857-04', NULL, 'Beneficiary.OtherAddress.SecondaryAddressLine', 'Pt4Line13_Unit[2]', 'Flr', 178),
(92, '2025-08-13 16:32:35.431857-04', '2025-08-13 16:32:35.431857-04', NULL, 'Beneficiary.MaritalInfo.MaritalStatus', 'Pt4Line18_MaritalStatus[0]', 'Widowed', 189),
(93, '2025-08-13 16:32:35.431857-04', '2025-08-13 16:32:35.431857-04', NULL, 'Beneficiary.MaritalInfo.MaritalStatus', 'Pt4Line18_MaritalStatus[1]', 'Annulled', 189),
(94, '2025-08-13 16:32:35.431857-04', '2025-08-13 16:32:35.431857-04', NULL, 'Beneficiary.MaritalInfo.MaritalStatus', 'Pt4Line18_MaritalStatus[2]', 'Separated', 189),
(95, '2025-08-13 16:32:35.431857-04', '2025-08-13 16:32:35.431857-04', NULL, 'Beneficiary.MaritalInfo.MaritalStatus', 'Pt4Line18_MaritalStatus[3]', 'Single', 189),
(96, '2025-08-13 16:32:35.431857-04', '2025-08-13 16:32:35.431857-04', NULL, 'Beneficiary.MaritalInfo.MaritalStatus', 'Pt4Line18_MaritalStatus[4]', 'Married', 189),
(97, '2025-08-13 16:32:35.431857-04', '2025-08-13 16:32:35.431857-04', NULL, 'Beneficiary.MaritalInfo.MaritalStatus', 'Pt4Line18_MaritalStatus[5]', 'Divorced', 189),
(98, '2025-08-13 16:32:35.431857-04', '2025-08-13 16:32:35.431857-04', NULL, 'Beneficiary.BeneficiaryEverInUS', 'Pt4Line20_Yes[0]', 'Yes', 234),
(99, '2025-08-13 16:32:35.431857-04', '2025-08-13 16:32:35.431857-04', NULL, 'Beneficiary.BeneficiaryEverInUS', 'Pt4Line20_No[0]', 'No', 234),
(100, '2025-08-13 16:32:35.431857-04', '2025-08-13 16:32:35.431857-04', NULL, 'Beneficiary.CurrentEmployer.Address.SecondaryAddressLine', 'Pt4Line26_Unit[0]', 'Apt', 246),
(101, '2025-08-13 16:32:35.431857-04', '2025-08-13 16:32:35.431857-04', NULL, 'Beneficiary.CurrentEmployer.Address.SecondaryAddressLine', 'Pt4Line26_Unit[1]', 'Ste', 246),
(102, '2025-08-13 16:32:35.431857-04', '2025-08-13 16:32:35.431857-04', NULL, 'Beneficiary.CurrentEmployer.Address.SecondaryAddressLine', 'Pt4Line26_Unit[2]', 'Flr', 246),
(103, '2025-08-13 16:32:35.431857-04', '2025-08-13 16:32:35.431857-04', NULL, 'Beneficiary.BeneficiaryEverInImmigrationProceedings', 'Pt4Line28_No[0]', 'No', 255),
(104, '2025-08-13 16:32:35.431857-04', '2025-08-13 16:32:35.431857-04', NULL, 'Beneficiary.BeneficiaryEverInImmigrationProceedings', 'Pt4Line28_Yes[0]', 'Yes', 255),
(105, '2025-08-13 16:32:35.431857-04', '2025-08-13 16:32:35.431857-04', NULL, 'Beneficiary.BeneficiaryEverInImmigrationProceedings.Type', 'Pt4Line54_Removal[0]', 'Removal', 256),
(106, '2025-08-13 16:32:35.431857-04', '2025-08-13 16:32:35.431857-04', NULL, 'Beneficiary.BeneficiaryEverInImmigrationProceedings.Type', 'Pt4Line54_Exclusion[0]', 'Exclusion', 256),
(107, '2025-08-13 16:32:35.431857-04', '2025-08-13 16:32:35.431857-04', NULL, 'Beneficiary.BeneficiaryEverInImmigrationProceedings.Type', 'Pt4Line54_Rescission[0]', 'Rescission', 256),
(108, '2025-08-13 16:32:35.431857-04', '2025-08-13 16:32:35.431857-04', NULL, 'Beneficiary.BeneficiaryEverInImmigrationProceedings.Type', 'Pt4Line54_JudicialProceedings[0]', 'JudicialProceedings', 256),
(109, '2025-08-13 16:32:35.431857-04', '2025-08-13 16:32:35.431857-04', NULL, 'Beneficiary.PhysicalAddress.SecondaryAddressLine', 'Pt4Line56_Unit[0]', 'Apt', 163),
(110, '2025-08-13 16:32:35.431857-04', '2025-08-13 16:32:35.431857-04', NULL, 'Beneficiary.PhysicalAddress.SecondaryAddressLine', 'Pt4Line56_Unit[1]', 'Ste', 163),
(111, '2025-08-13 16:32:35.431857-04', '2025-08-13 16:32:35.431857-04', NULL, 'Beneficiary.PhysicalAddress.SecondaryAddressLine', 'Pt4Line56_Unit[2]', 'Flr', 163),
(112, '2025-08-13 16:32:35.431857-04', '2025-08-13 16:32:35.431857-04', NULL, 'Beneficiary.SpouseResidenceTogether.Address.SecondaryAddressLine', 'Pt4Line57_Unit[0]', 'Apt', 272),
(113, '2025-08-13 16:32:35.431857-04', '2025-08-13 16:32:35.431857-04', NULL, 'Beneficiary.SpouseResidenceTogether.Address.SecondaryAddressLine', 'Pt4Line57_Unit[1]', 'Ste', 272),
(114, '2025-08-13 16:32:35.431857-04', '2025-08-13 16:32:35.431857-04', NULL, 'Beneficiary.SpouseResidenceTogether.Address.SecondaryAddressLine', 'Pt4Line57_Unit[2]', 'Flr', 272),
(115, '2025-08-13 16:32:35.431857-04', '2025-08-13 16:32:35.431857-04', NULL, 'Translator.MailingAddress.SecondaryAddressLine', 'Pt7Line3_Unit[0]', 'Apt', 292),
(116, '2025-08-13 16:32:35.431857-04', '2025-08-13 16:32:35.431857-04', NULL, 'Translator.MailingAddress.SecondaryAddressLine', 'Pt7Line3_Unit[1]', 'Ste', 292),
(117, '2025-08-13 16:32:35.431857-04', '2025-08-13 16:32:35.431857-04', NULL, 'Translator.MailingAddress.SecondaryAddressLine', 'Pt7Line3_Unit[2]', 'Flr', 292),
(118, '2025-08-13 16:32:35.431857-04', '2025-08-13 16:32:35.431857-04', NULL, 'Statement.PetitionerCanReadEnglish', NULL, 'Yes', 304),
(119, '2025-08-13 16:32:35.431857-04', '2025-08-13 16:32:35.431857-04', NULL, 'Statement.TranslatorReadToMe', NULL, 'Yes', 305);

SELECT setval('form_template_id_seq', (SELECT MAX(id) FROM form_template));
SELECT setval('form_template_section_id_seq', (SELECT MAX(id) FROM form_template_section));
SELECT setval('form_template_field_id_seq', (SELECT MAX(id) FROM form_template_field));
SELECT setval('form_template_field_option_id_seq', (SELECT MAX(id) FROM form_template_field_option));

INSERT INTO "public"."user" ("id", "public_id", "created_at", "updated_at", "role", "email", "last_authenticated_at", "external_id") VALUES
(1, '723c7ae0-6db2-4a87-a12b-75f2f06f77f1', '2025-08-18 13:36:29.671179-05', '2025-08-19 09:00:31.145722-05', 'CLIENT', NULL, '2025-08-19 09:00:31.148015-05', 'test_user_123');

INSERT INTO "public"."client" ("id", "public_id", "created_at", "updated_at", "name", "user_id") VALUES
(1, '723c7ae0-6db2-4a87-a12b-75f2f06f77f1', '2025-08-18 13:36:29.671179-05', '2025-08-19 09:00:31.145722-05', 'Test Client', 1);

SELECT setval('user_id_seq', (SELECT MAX(id) FROM "user"));
SELECT setval('client_id_seq', (SELECT MAX(id) FROM "client"));
*/